deploymentID,dataset,locationID,deviceID,checkedBy,assistants,activity,habitat,deploymentDate,deploymentTime,latitude,longitude,deploymentComments
VFsxSmgqLXFiJklmNjw4Kkw2RXI,phone_02,C07,C138,AF/LK,Kollie,Camera set-up,Secondary forest,2025-11-12,13:09,7.1415367,-10.11933,N/A
I2s-MVVDN1NZUmlhdzhYYStJeSg,phone_02,C06,C142,AF/LK,kollie Flomo,Camera set-up,Primary forest,2025-11-12,14:20,7.1398,-10.1236733,Logging activities happening 300m away from the camera
SU9aW2dWTHNqWEZaVWNFd1hZeE0,phone_02,C24,C050,AF/LK,Tokpa Living,Camera set-up,Primary forest,2025-11-13,10:45,7.1115903,-10.1089234,This point is about 600 meters away from the Tuma River where mining activities are ongoing.
SFF2Q3omcXImeGxzPDtaTVEqZyo,phone_02,C22,C042,AF/LK,Tokpah Living,Camera set-up,Primary Secondary mosaic,2025-11-13,13:01,7.11548,-10.1364017,came across some animal traps while getting to the point.
I3JHRDRmcHJ5KClWc29PYik1eXI,phone_02,C21,C077,AF/LK,Tokpah Living,Camera set-up,Primary Secondary mosaic,2025-11-13,15:57,7.114095,-10.1490517,There are major farming activities taking place in the grid.
SEViclBBa1JuJU9BRjdALS1YZ1c,phone_02,C05,C036,AF/LK,Jerry kpoyor,Camera set-up,Primary forest,2025-11-14,10:20,7.13941,-10.1415733,There is lots of farming taking place around this graid.
JXBSJSMtYShpN29NVkBGaCpwTWU,phone_02,C50,C027,AF/LK,Daniel & Emmanuel (Torpor Ta),Camera set-up,Primary forest,2025-11-15,13:36,7.078485,-10.12206,
VkJbMTRBMSpyZ1dvTTN0OCozZCk,phone_02,C59,C031,AF/LK,Dennis Mulbah (cell #077952675),Camera set-up,Primary Secondary mosaic,2025-11-17,09:23,7.0501167,-10.1246483,
JmJAZHZzSW1FWG1lOSFaJmwoaU8,phone_02,C53,C025,AF/LK,Dennis Mulbah (Cell# 077952759),Camera set-up,Primary forest,2025-11-17,12:09,7.0542683,-10.133795,
UGFKbnA0RU1DY0EjY3BiM2UoUCo,phone_02,C53,S14,AF/LK,Dennis Mulbah,Song meter set-up,Primary forest,2025-11-17,12:33,7.0541767,-10.1338783,
KihCdV1UI1kqTShpSj5WbWohSE4,phone_02,C49,C011,AF/LK,Dennis Mulbah,Camera set-up,Primary forest,2025-11-17,14:55,7.0662883,-10.1403167,
WXd6WGJubW84XUNhPEhWSzNhSVI,phone_02,C41,C002,AF/LK,Dennis Mulbah,Camera set-up,Primary forest,2025-11-21,09:04,7.0884183,-10.1152633,
USFvT2QwUT5RWmsjVjBQXVc8bEQ,phone_02,C41B(Hotspot),C021,AF/LK,Dennis Mulbah,Camera set-up,High primary with understory,2025-11-21,10:12,7.0930711,-10.1124351,"Camera C021 was specifically mounted in site C41 grid due to numerous tracks of western chimpanzee recorded, and which is also considered as a hotspot to capture more movement of the species."
S2xdbTI1YUh5eFo0KkU5NlpHS1o,phone_02,C41,S11,AF/LK,Dennis Mulbah,Song meter set-up,Low primary dry with understory,2025-11-21,10:32,7.09354,-10.112165,There is an old farm spot with pawpaw and pineapple. There is lot of cham prints.
KnlbU1RNbjpyWzJORFt5M0JjPiU,phone_02,C32,C014,AF/LK,Dennis Mulbah,Camera set-up,Low primary dry with understory,2025-11-21,11:18,7.0956572,-10.1130186,
IWtiW2QhQ2JONjQ6QUZHPDM4WDU,phone_02,C33,C045,AF/LK,Dennis Mulbah,Camera set-up,High primary wet,2025-11-21,12:51,7.094803,-10.104943,
K3lQZ0x2PnMxeDJlWmk5bjkqT2c,phone_02,C42,C039,AF/LK,Dennis Mulbah,Camera set-up,Primary forest,2025-11-21,14:12,7.091395,-10.1051317,
WU5sIXB4TVdkR0JXc3ZQXWJATzo,phone_02,C26,C006,AF/LK,Dennis Mulbah,Camera set-up,High primary with understory,2025-11-22,11:59,7.1179747,-10.084255,There is a creek down the slope which is believed to be a drinking spot.
I1h1Ryo2Klk8JSpERzZVWGNmO1I,phone_02,C27,C034,AF/LK,Dennis Mulbah,Camera set-up,High primary wet,2025-11-22,13:37,7.11952,-10.07438,
SGRhQUF1TWklKyVSI3Jrb0MxcFc,phone_02,C18,C040,AF/LK,Dennis Mulbah,Camera set-up,High primary with understory,2025-11-22,14:39,7.1219783,-10.070385,
SVlPJWQmaCVHa1JzRipKM0ZGSFE,phone_02,C41,C008,AF/LK,John Borbor (0888725121),Camera set-up,High primary wet,2025-11-24,09:52,7.0930848,-10.1081861,
S0AhZ1QoNEp6cStbSWVrMExGcV0,phone_02,C33,C035,AF/LK,John Borbor,Camera set-up,Primary forest,2025-11-24,10:23,7.0965546,-10.107374,
VUBNI2kqbytPOmxTUlZxTHEtanE,phone_02,C59,C031,AF/LK,Dennis Mulbah,Camera status check,,2026-01-09,09:10,7.0502683,-10.12466,The camera could not come on even after changing the battery making it impossible to set date and time or even arm it. we will have to replace it.
REkwYjBXbm1rREZ3NWRmUFNlPjs,phone_02,C53,C025,AF/LK,Dennis Mulbah,Camera status check,,2026-01-09,10:45,7.0542117,-10.1340617,
VFUlbUFoQnk2bE1kbTxFWzkleEY,phone_02,C53,SR14,AF/LK,Dennis Mulbah,Song meter status check,,2026-01-09,11:01,7.0542016,-10.133492,
Kyg5OWpMSTQ5RCt3WTIxLXRdVVU,phone_02,C49,C011,AF/LK,Dennis Mulbah,Camera status check,,2026-01-09,12:55,7.06628,-10.1405567,
WFpaVFQ3TUkwS081WHh5PFQlKzg,phone_02,C57,C015,AF/LK,Dennis Mulbah,Camera status check,,2026-01-10,09:48,7.0430667,-10.1551867,
Pm02a3FpVncqSkY8NGRpMk9GI0s,phone_02,C57,SR32,AF/LK,Dennis Mulbah,Song meter status check,,2026-01-10,10:10,7.0428583,-10.1550551,
WGwxJUE5NE9bTWo3aG80Umg8OjM,phone_02,C57,C018,AF/LK,Dennis Mulbah,Camera status check,,2026-01-10,10:37,7.04404,-10.1531333,
VFd1eXVOSGdAQUpKSXN1WnlpVVs,phone_02,C57,C017,AF/LK,Dennis Mulbah,Camera status check,,2026-01-10,11:08,7.0449367,-10.151635,
WmJkY0xXN2daUHQ-ZCpdKWp5Jmc,phone_02,C57,C023,AF/LK,Dennis Mulbah,Camera status check,,2026-01-10,11:51,7.04431,-10.1557583,
ITNEd2hMaEhARXVpYmctaTtCSkw,phone_02,C55,EI02,AF,Daniel Bondo,Camera status check,,2026-01-12,11:15,7.06667,-10.1143483,
RkdnU3pjKihbS0AlPmRZa1FvdWU,phone_02,C05,C036,AF,Daniel Bondo,Camera status check,,2026-01-13,10:47,7.1394085,-10.1415133,
VTdKcUshMlJdbzhKViZCO01UUFo,phone_02,C12,CO32,AF,Daniel Bondo,Camera status check,,2026-01-13,12:18,7.12082,-10.1568183,
KTEweXZ4Pio8bE1wQVJaLWtsRjA,phone_02,C12,S16,AF,Daniel Bondo,Song meter status check,,2026-01-13,12:33,7.12136,-10.1563267,
PHVra20qV3pQdEFaXUF2PklJKi0,phone_02,C40,C016,AF,Daniel Bondo,Camera status check,,2026-01-15,10:11,7.0877931,-10.1196965,
UTdzTmVPSzF3VWRjK2pwdCVLXTk,phone_02,C50,C027,AF,Daniel Bondo,Camera status check,,2026-01-15,11:13,7.0784297,-10.1219337,
R01MXTZMViMqb2pGSzFJQ3ppLTU,phone_02,C31,C046,AF,Daniel Bondo,Camera status check,,2026-01-15,12:30,7.100798,-10.1267546,
Q1EhN1Z4Wl1aby1NSjRPbVBjWHQ,phone_02,C15,C147,AF/LK,Daniel Bondo,Camera status check,,2026-01-22,09:40,7.1277433,-10.1142933,
TlBzQDdJVWlTYSpzRys1bVU2Mjc,phone_02,C41,C002,AF/LK,John Borbor,Camera status check,,2026-01-24,08:20,7.0883667,-10.1154749,
WEZCSHY4bW9ycm1Eam4-b2w2RGM,phone_02,C41,C021,AF/LK,John Borbor,Camera status check,,2026-01-24,08:56,7.0930549,-10.1124143,
LWR0KUB1YTR0KVBGbmtNTiptcWI,phone_02,C41,S11,AF/LK,John Borbor,Song meter status check,,2026-01-24,09:11,7.0933207,-10.1122763,
Uy1PMTllVCpucktxQXp2b3QjO3o,phone_02,C32,C14,AF/LK,John Borbor,Camera status check,,2026-01-24,09:37,7.095545,-10.1131265,
PilKSlRIPiplcVt2U1lrY102OC0,phone_02,C33.1,C035,AF/LK,John Borbor,Camera status check,,2026-01-24,10:23,7.096595,-10.1072917,
Izk2UjtJZnNnXSZqJWVDa01XKFs,phone_02,C42,C039,AF/LK,John Borbor,Camera status check,,2026-01-24,11:02,7.0914983,-10.1051717,
TVBXSDQ-cjFPdmMrSjttK1JTO08,phone_02,C41,C008,AF/LK,John Borbor,Camera status check,,2026-01-24,11:39,7.0931439,-10.1083039,
JlZ6OUY8LTZtcyZ3T0NUdy1GKkE,phone_02,C24,C050,AF/LK,Daniel,Camera status check,,2026-01-26,10:16,,,
U2UpMjZWUGEhNzJuTStxV0dMcTM,phone_02,C26,C006,AF/LK,Daniel Bondo,Camera status check,,2026-01-27,10:31,,,
PkpPSUVjd0NANW82IUA2K3g5ZDc,phone_02,C27,C034,AF/LK,Dennis Mulbah,Camera status check,,2026-01-27,11:43,7.1195633,-10.074695,
KEddbHd3aWJdVVVIJmg-Z28pW0Y,phone_02,C18,C040,AF/LK,Daniel Bondo,Camera status check,,2026-01-27,12:42,7.1219483,-10.070575,
UG5MaHk5dHpqZCpuKkBRVkk3VkU,phone_02,C54,S42,WS,Andrew,Song meter set-up,Primary Secondary mosaic,2026-01-28,09:58,7.0592317,-10.12611,
KkVLMkYtKEhXd1UzTnA2JkJuNU0,phone_02,C54,S31,WS,Andrew,Song meter set-up,Primary Secondary mosaic,2026-01-28,10:18,7.0591517,-10.1274183,
PnBIPHN1VW93NTQqaml2bzV3Y0c,phone_03,B36,C081,STS/MML/HLW,Dogbah Peter,Camera set-up,Secondary forest,2025-11-12,09:30,7.0594067,-10.2492083,The camera was set up about 5 meter away from a stream that enters Garlo River.
IVM3KXVUW3pGci1qbGtqR1BoMTw,phone_03,B34,C089,STS/MML/HLW,Dogbah Peter,Camera set-up,Secondary forest,2025-11-14,13:46,7.074695,-10.2228833,"The camera was set up about 206m away from the main point, about 5m away from a termite mount, and about 100m away from Raphia swamp.A bit open canopy and understory secondary."
IUhdUj56WiltXSUtK08pRmRANG4,phone_03,B35,C133,STS/MML/HLW,Dogbah Peter,Camera set-up,Secondary forest,2025-11-14,16:41,7.07239,-10.208555,The camera was set up about 100m away from the main point in a old secondary forest with thick understory.
UDszSmxbJm9XI09MeWU2TGRab0U,phone_03,B44_1,C068,STS/MML/HLW/ASN,Charles Gortor,Camera set-up,"Primary forest, High primary wet",2025-11-15,14:09,7.0288483,-10.213825,The camera was set up about 748m away from the main point in a suitable habitat for Chimps with old foot print 5 m away.
UlglQlEtKk9BWmhnZVo8RDRNJUU,phone_03,B44,S16,STS/MML/HLW/ASN,Charles Gortor,Song meter set-up,"Primary forest, Hillside, High primary with understory",2025-11-15,15:48,7.0306367,-10.21014,The Song meter was set up about 15m away from a swamp ( a good habitat for Chimps)
KylnQlljaktnWHAtVng5MWglRDg,phone_03,B44_2,C088,STS/MML/HLW/ASN,Charles Gortor,Camera set-up,"Primary forest, Hillside, High primary with understory",2025-11-15,16:03,7.030115,-10.2105,The camera was set up about 71m away from the Song meter on a hill top in a suitable habitat for Chimps
RjZqd0BaW1NvKHJxZldATi02eHg,phone_03,B51_1,C064,STS/MML/HLW/ASN,Dogbah Peter & Forkpah Kelime,Camera set-up,"Primary forest, Hillside, High primary with understory",2025-11-16,10:04,7.0209668,-10.2163203,The camera was set up on a slope near a wildnut & bush cherry trees
U11TbmhRPipRNGt2NiFuejwleg,phone_03,B51_2,C146,STS/MML/HLW/ASN,Dogbah Peter & Forkpah Kelime,Camera set-up,"Primary forest, High primary with understory",2025-11-16,11:19,7.0178983,-10.2176733,the camera was set up on a hill top in suitable Chimps habitat.
Q11ZSXghSmhtOENDKDcralRVcEg,phone_03,_B52_1,C130,STS/MML/HLW/ASN,Dogbah Peter & Forkpah Kelime,Camera set-up,"Primary forest, High primary with understory",2025-11-16,12:34,7.014175,-10.2126433,The Camera was set up along an animal or possible Chimps trail in a suitable habitat
TE9PdEgmayFTUVFnW3ZGYyoqT3U,phone_03,_B52_2,C087,STS/MML/HLW/ASN,Dogbah Peter and Forkpah Kelime,Camera set-up,"Primary forest, High primary with understory",2025-11-16,13:40,7.0167067,-10.2108367,The camera was set up about 160m away from Chimps nest
UVFoU1R6ZCEydEFSbEBdLSZMZiM,phone_03,B52,S27,STS/MML/HLW/ASN,Dogbah Peter & Forkpah Kelime,Song meter set-up,"Primary forest, Swamp, High primary with understory , High primary wet",2025-11-16,14:17,7.0184117,-10.2103367,The Song meter was set up about 3m away from the chimp food print
SGhjOlhCOT5dcjVGRipack9YKUk,phone_03,B52_3,C048,STS/MML/HLW/ASN,Dogbah Peter & Forkpah Kelime,Camera set-up,"Primary forest, High primary with understory",2025-11-16,15:13,7.0196367,-10.20828,"The camera was set up about 64m away from the main point, near a fruiting Parinari Excelsa tree with fresh nests"
V0pXMjY3a0xtZFJ2VDtFVFhicHg,phone_03,B45,C053,STS/MML/HLW/ASN,Dogbah Peter and Samuel Fahn,Camera set-up,"Primary forest, High primary with understory",2025-11-17,11:33,7.0333958,-10.1976438,The camera was set up about 3m away from a bush cherry tree.
PjA2Y0MpVyF4THNZPFZrPl1sUlU,phone_03,B53_1,C060,STS/MML/HLW/ASN,Dogbah Peter & Samuel Fahn,Camera set-up,"Primary forest, Hillside, High primary with understory",2025-11-17,13:23,7.0249051,-10.19708,The camera was set up on a slope about 700m away from the main point and 10m away from a Dahoma tree
JmZhTjJlKWwzME1nb2FMNkBTYWk,phone_03,B53_2,C059,STS/MML/HLW/ASN,Dogbah Peter & Samuel Fahn,Camera set-up,"Primary forest, High primary with understory",2025-11-17,14:56,7.0180683,-10.1979882,The camera was set up on a hill top near a Dahoma tree.
VVNzSDJvZHU3N3NNW1E3R1hOKlk,phone_03,B47,C054,STS/MML/HLW/ASN,Dogbah Peter,Camera set-up,"Primary forest, Hillside, Low primary dry with understory",2025-11-18,10:12,7.0290166,-10.2379399,The camera was set up in a low primary forest with an open canopy about 450m away from the main point.
UypORjlxQnFhIzJLak1XVlh5SmM,phone_03,B50_3,C061,STS/MML,Dogbah Peter,Camera set-up,"Primary forest, Low primary dry with understory",2025-11-18,11:05,7.02385,-10.2373167,The camera was set up about 600m away from the main point and about 3m away from a red river hog Foot print
THdEVGk0a1dJPktiI3djVmxvZEc,phone_03,B50_4,C084,STS/MML/HLW/ASN,Dogbah Peter,Camera set-up,"Primary forest, Hillside, High primary with understory",2025-11-18,12:13,7.0194467,-10.2354068,The camera was set up on a slope about 78m away from the main point.
LWtaMDc-QjxrU2QtQzFPKVprMW0,phone_03,B49_4,C085,STS/MML/HLW/ASN,Dogbah Peter,Camera set-up,"Primary forest, High primary with understory",2025-11-18,14:18,7.019525,-10.2484483,The camera was set up near a fruiting tree in a primary forest dominated by Red river hog foot print
ITNFISluVWJQZE84OXJLUVhFejo,phone_03,B46,C050,STS/MML,Dogbah Peter,Camera set-up,"Primary forest, High primary with understory , High primary wet",2025-11-18,18:00,7.0312521,-10.2494072,The camera was set up about 160m away from the main point and about 15m away from a swamp.
VClPcWlFcm5OKkpYdlRtLXVxKGo,phone_03,B14,C082,STS/MML,Sumo Gardie,Camera set-up,"Primary forest, Hillside, High primary no understory",2025-11-21,10:51,7.1168733,-10.2878233,"The camera was set up on a slope, about 429m away from the main point, and approximately10m away from a swamp near a UPACA Guineases tree."
PFtKUnBxbmZxMDJbNz4lcypWJjg,phone_03,B08_1,C056,STS/MML,Sumo Gaidia,Camera set-up,"Primary forest, High primary with understory",2025-11-21,12:24,7.12658,-10.289435,The camera was set up on a hill top in a primary forest about 140m away from the main point.
Ki1bKiUqQERSPG5jOEN3cFRVeng,phone_03,B08_2,C079,STS/MML,Sumo Gardia,Camera set-up,"Primary forest, High primary with understory",2025-11-21,13:34,7.1264973,-10.2856844,"The camera was set up in a high primary forest about 385m away from Camera_1, near a fruiting tree."
Til1V295RzQ3LXc7QWJXMFE3OVA,phone_03,B09,C047,STS/MML,Sumo Gaidia,Camera set-up,"Primary forest, High primary with understory",2025-11-21,14:52,7.1262633,-10.27946,The camera was set up in a high primary forest about 300m away from the main point
ITtOPktITzZSPCFQT3hAOlhKenE,phone_03,B09,S38,STS/MML,Sumo Gardia,Song meter set-up,"Primary forest, High primary no understory",2025-11-21,15:02,7.1264017,-10.2792,"The song meter was set up in a high primary forest right above camera C047, on the same tree."
TnF4ZCFpYk85OEpLNF1pOSZqM1Y,phone_03,B16,C083,STS/MML/HLW/ASN,Sumo Gaidia,Camera set-up,"Primary forest, High primary with understory",2025-11-22,13:33,7.1140083,-10.2658017,"The camera was set up about 417m away from the main point, near a fruiting Parinari Excelsa tree"
WkBNYTFCUj5saz5EKigtM2M0aGk,phone_03,B16,S28,STS/MML/HLW/ASN,Sumo Gardia,Song meter set-up,"Primary forest, High primary with understory",2025-11-22,14:10,7.1160284,-10.2661364,"The song meter was set up on a hill top about 280m away from camera C083, near a Dahoma tree"
VzkwZ2dhVXRTYlQ2cWJpRUxTJWk,phone_03,B10,C134,STS/MML/HLW/ASN,Sumo Gardia,Camera set-up,"Primary forest, High primary with understory",2025-11-22,15:30,7.1252958,-10.2636387,The camera was set up on a hill top
WGtSMEFzS3hqSk4qSSstQj5RZXA,phone_03,B11,C066,STS/MML/HLW/ASN,Richard Kolubah,Camera set-up,"Primary forest, Hillside, High primary with understory",2025-11-24,13:12,7.1244964,-10.2461332,The camera was set up about 70m away from a swamp on a slope.
T3dONSFzY21WM2orakJqaGxJODw,phone_03,B17,C077,STS/MML/HLW/ASN,Richard Kolubah,Camera set-up,"Primary forest, Hillside, High primary with understory",2025-11-24,14:11,7.1198433,-10.247055,The camera was set up on a slope near a fruiting wildnut tree about 640m away from the main point
IXJUO3hHUkRXWSg8ZFM6dl1iTlQ,phone_03,B17,S33,STS/MML/HLW/ASN,Richard Kolubah,Song meter set-up,"Primary forest, Hillside, High primary with understory",2025-11-24,14:19,7.1197982,-10.2470201,"The Song meter was set up on a slope right above camera C077, on the same tree"
Wi1LUDBlMU1yK1crV0QmTVh1aEE,phone_03,B25,C076,STS/MML/HLW/ASN,Sumo Gardia,Camera set-up,"Primary forest, High primary with understory",2025-11-26,13:34,7.0952353,-10.2117008,"The camera was set up on a Funtumia Elastica tree, about 570m away from the main point"
IU9kQlg6UTlyR1JybnBhJXRyUzo,phone_03,B59_1,C052,STS/MML/HLW/ASN,William Sumo,Camera set-up,"Primary forest, Hillside, High primary with understory",2025-11-27,11:48,7.0083354,-10.1943064,The camera was set up on a slope near a termite mount
QDlvcmRjYnFBW0tVYSFLcD5WcCo,phone_03,B59_2,C058,STS/MML/HLW/ASN,William Sumo,Camera set-up,"Primary forest, High primary with understory",2025-11-27,12:34,7.010435,-10.19676,The camera was set up about 351m away from camera C052 near a fruiting Parinari Excelsa tree.
VzU3NEJqXUQ2REVXRWlQd284JXQ,phone_03,B51_3,C073,STS/MML/HLW/ASN,Samuel Fahn,Camera set-up,"Primary forest, Hillside, High primary with understory",2025-11-28,11:24,7.0173767,-10.21594,The camera was set up on a slope in the confines of Chimps nests.
KkQ2JTxNOFlYWiYyZGUyK09zRVU,phone_03,B51,S24,STS/MML/HLW/ASN,Samuel Fahn,Song meter set-up,"Primary forest, Hillside, High primary with understory",2025-11-28,11:30,7.017475,-10.2158399,"The song meter was set up on a slope in the confines of Chimps nests right above Camera C073, on the same tree."
QDRiLSNxdGVxQDdbODhya0xjMDk,phone_03,B52_4,C075,STS/MML/HLW/ASN,Samuel Fahn,Camera set-up,"Primary forest, Hillside, High primary with understory",2025-11-28,12:33,7.0200367,-10.2125833,The camera was set up on a slope
Jks2M21IbiliM0xAaGNDY0QjYVE,phone_03,B52_5,C074,STS/MML/HLW/ASN,Samuel Fahn,Camera set-up,"Primary forest, Hillside, High primary with understory",2025-11-28,13:25,7.0224783,-10.208505,The camera was set up on a slope in a high primary forest
TlNDTyNBKUZoWmlabTIlRnB6dTQ,phone_03,B45_2,C051,STS/MML/HLW/ASN,Samuel Fahn,Camera set-up,"Primary forest, Hillside, High primary with understory",2025-11-28,15:31,7.0313067,-10.2000648,The camera was set up on a slope
U1tScjhATi0hUG07Jk42blc2I24,phone_03,B45,S23,STS/MML/HLW/ASN,Samuel Fahn,Song meter set-up,"Primary forest, Hillside, High primary with understory",2025-11-28,15:36,7.031425,-10.1999333,The song meter was set up about 5m away from Camera C051 on a slope
WltRSW5QYVlLYnVWNHhlV2EobFM,phone_03,B44_3,C078,STS/MML/HLW/ASN,Samuel Fahn,Camera set-up,"Primary forest, Hillside, High primary with understory",2025-11-28,16:36,7.0293067,-10.207115,The camera was set up on a slope about 368m away from the main point.
R0ZvbE9wbiU6RGtieng1Nm4qbkw,phone_03,B36,C081,STS/MML/HLW/ASN,Eric Flomo,Camera status check,,2026-01-08,17:27,7.0593317,-10.2489967,"After removing the SD card and changing the battery, the camera screen refused to display and all the buttons stop functioning."
WWExK10mRiY7MU93YWFIRjgqZDA,phone_03,B44_2,C088,STS/MML/HLW/ASN,Charles Gortor,Camera status check,,2026-01-09,11:04,7.0302783,-10.210375,The camera remains in the same position - on a slope
T0p3S2hJNUomUWV1W0hkYSsocjQ,phone_03,B44,S16,STS/MML/HLW/ASN,Charles Gortor,Song meter status check,,2026-01-09,11:24,7.0310718,-10.2099882,The song meter remains in the same position - one a slope near a swamp/stream.
Vmc-SjNWVT5USjU8KkVvWmgjSU0,phone_03,B44_1,C068,STS/MML/HLW/ASN,Charles Gortor,Camera status check,,2026-01-09,12:08,7.0292391,-10.2138651,"The camera remains in the same position in a wet primary forest. After changing the SD card and battery, the camera refused to display."
QypvSCs2QDFZOipWcnhuTDBKclI,phone_03,B51_1,C064,STS/MML/HLW/ASN,Charles Gortor,Camera status check,,2026-01-10,10:20,7.0208817,-10.21626,The camera remains at the same location on a slope
VWlkUDkhNktyM0xYN1hhTnBybjU,phone_03,B51_2,C146,STS/MML/HLW/ASN,Charles Gortor,Camera status check,,2026-01-10,10:53,7.0182149,-10.2173983,The camera remains in the same position
VCppWj5tQ3dYQj5dV1B1Jk0waGU,phone_03,B52_1,C130,STS/MML/HLW/ASN,Charles Gortor,Camera status check,,2026-01-10,11:44,7.0141983,-10.2125517,The camera remains at the same location.
QGU7NW5jV0ZXWjVGWFFdSjM4Tz4,phone_03,B52_2,C087,STS/MML/HLW/ASN,Charles Gortor,Camera status check,,2026-01-10,12:15,7.016855,-10.2107783,The camera remains at the same location
IXp3KldSbXcmMVZvVXBBUlJUMTc,phone_03,B52,S27,STS/MML/HLW/ASN,Charles Gortor,Song meter status check,,2026-01-10,12:37,7.01873,-10.2101283,The song meter remains at the same location in the confines of Chimps track.
W1BvKlorel1IVWRoOkZLNlk6dHA,phone_03,B52_3,C048,STS/MML/HLW/ASN,Charles Gortor,Camera status check,,2026-01-10,13:05,7.0195767,-10.2082767,The camera remains at the same location on a possible Chimps track.
Jl1NVGlwRll5QmpSWFkrIyUxZnM,phone_03,B45_1,C053,STS/MML/HLW/ASN,Samuel Fahn,Camera status check,,2026-01-12,10:56,7.0332664,-10.1975865,The camera remains at the same location
PnpIS2FMUnpvaDwjLV0lWlN6STY,phone_03,B53_1,C060,STS/MML/HLW/ASN,Samuel Fahn,Camera status check,,2026-01-12,12:31,7.0250717,-10.1970483,The camera remains at the same location on a slope
JlB3M3VFMUBwSiliaiZOVUIqWCY,phone_03,B53_2,C059,STS/MML/HLW/ASN,Samuel Fahn,Camera status check,,2026-01-12,13:28,7.0181518,-10.1980582,The camera remains at the same location and well functioning.
QDh5aXdvZ2gyZ2IqaGZbQVRxU2U,phone_03,B47,C054,STS/MML/HLW/ASN,Eric Flomo,Camera status check,,2026-01-13,10:38,7.02893,-10.23799,The camera remains at the same location
T05PZ3dbZ1p2K21QcGxlazlYRVo,phone_03,B50_3,C061,STS/MML/HLW/ASN,Eric Flomo,Camera status check,,2026-01-13,11:29,7.02458,-10.23635,The camera remains at the same location and well functioning
UTpYYSNlVT4yRmtvcW9NUilNWCk,phone_03,B50_4,C084,STS/MML/HLW/ASN,Eric Flomo,Camera status check,,2026-01-13,12:18,7.01945,-10.2354067,The camera remains at the same location on a slope
U254MDB1WlJCb2JseU5pYjs7Wio,phone_03,B49_4,C085,STS/MML/HLW/ASN,Eric Flomo,Camera status check,,2026-01-13,14:22,7.0195433,-10.2484567,The camera remains at the same location
UUIpSFEoRCpxclhObldVaDtMemY,phone_03,B46,C050,STS/MML/HLW/ASN,Eric Flomo,Camera status check,,2026-01-13,15:38,7.0311367,-10.2490433,The camera remains at the same location and well functioning
Um5mWlN6QndFOylPTCZGZCg8Z1I,phone_03,B09,C047,STS/MML/HLW/ASN,Sumo Gardia,Camera status check,,2026-01-14,11:30,7.1262117,-10.27943,The camera Remains at the same Location
UzRSQCMjbm8razZSZVduMk1ReDM,phone_03,B09,S38,STS/MML/HLW/ASN,Sumo Gaidia,Song meter status check,,2026-01-14,11:38,7.1264317,-10.2793283,The song meter remains at the same location above camera C047
WW9wNisqZTg8bER3TS1OZXFxQSo,phone_03,B08_2,C079,STS/MML/HLW/ASN,Sumo Gardia,Camera status check,,2026-01-14,12:17,7.1265868,-10.2856301,The camera remains at the same location
THoqWWdTIWhXMT4oISYqLTs8Rjo,phone_03,B08_1,C056,STS/MML/HLW/ASN,Sumo Gardia,Camera status check,,2026-01-14,12:39,7.126075,-10.28912,The camera remains at the same location
KjVsb0kyUmNIMVZLXSVybkxXdWk,phone_03,B14,C082,STS/MML/HLW/ASN,Sumo Gardia,Camera status check,,2026-01-14,13:26,7.11694,-10.28777,The camera remains at the same location (on a slope)and well functioning
SCo-O3M1KWJSUGU7JSpGWHJOW1A,phone_03,B16,C083,STS/MML/HLW/ASN,Samuel Sumo,Camera status check,,2026-01-15,10:26,7.1138583,-10.2663632,The camera remains at the same location
PilBQlhZa1g7eSVXQUxYSVs7U2o,phone_03,B16,S28,STS/MML/HLW/ASN,Samuel Sumo,Song meter status check,,2026-01-15,10:52,7.1160982,-10.2659532,The song meter remains at the same location
UGUzM2xnMkF6TWE3QlNOKlZJVDY,phone_03,B10,C134,STS/MML/HLW/ASN,Samuel Sumo,Camera status check,,2026-01-15,11:31,7.1255417,-10.2635083,the camera remains at the same location
WkhmW0Yrbkg7SHUqMkI-RjJBTyE,phone_03,B11,C066,STS/MML/HLW/ASN,Richard Kolubah,Camera status check,,2026-01-16,11:17,7.1247333,-10.2461317,The camera remains at the same location.
Km8mayorZ2pXand5R21UZHI3ZkI,phone_03,B17,S33,STS/MML/HLW/ASN,Richard Kolubah,Song meter status check,,2026-01-16,12:11,7.1197933,-10.2467817,The song meter remains at the same location
QEJxOVRCcjplT2JJeSg-aFE7KUI,phone_03,B17,C077,STS/MML/HLW/ASN,Richard Kolubah P,Camera retrieval,,2026-01-16,12:14,7.1198683,-10.2469233,"After changing the battery and SD cards, the camera refused to display and all the buttons stopped functioning."
RyVCJjZDclYtJiVqWDNXIUw1QGg,phone_03,B25,C076,STS/MML/HLW/ASN,Sumo Gardia,Camera status check,,2026-01-17,11:17,7.0954,-10.2116517,The camera remains at the same location and well functioning.
Q11qelhSVkJPXURHREFtMSV4OGM,phone_03,B51,S24,STS/MML/HLW/ASN,Samuel Fahn,Song meter status check,,2026-01-18,10:34,7.0175068,-10.2159225,The song meter remains at the same location above camera C073
SSg3VkwlOEApYmNxQV0mUTIoTSg,phone_03,B51_3,C073,STS/MML/HLW/ASN,Samuel Fahn,Camera status check,,2026-01-18,10:38,7.0176367,-10.216105,The camera remains at the same location beneath song meter S24 on the same tree
KlZrbUdIKXNOT3E-KlVULTI7aEA,phone_03,B52_4,C075,STS/MML/HLW/ASN,Samuel Fahn,Camera status check,,2026-01-18,11:10,7.0198083,-10.212645,The camera remains at the same location on a slope and well functioning
UWdCYWFnbVhFd2xuQGRoQmVicig,phone_03,B52_5,C074,STS/MML/HLW/ASN,Samuel Fahn,Camera status check,,2026-01-18,11:40,7.02239,-10.2087533,The camera remains at the same location on a slope
KkMtXSE-Qk1CTT5PJkJ3VDR6cnM,phone_03,B45,S23,STS/MML/HLW/ASN,Samuel Fahn l,Song meter status check,,2026-01-18,12:52,7.0315084,-10.19991,The song meter remains at the same location near Camera C051
QFh0aDwrMzBdWWRJPmkqMSZbaVg,phone_03,B45_2,C051,STS/MML/HLW/ASN,Samuel Fahn,Camera status check,,2026-01-18,12:58,7.0318467,-10.1998067,The camera Remains at the same location and well functioning.
QyVUUjEyOjxrT3ZPKFdhV1R2NHM,phone_03,B44_3,C078,STS/MML/HLW/ASN,Samuel Fahn,Camera status check,,2026-01-18,13:49,7.0293217,-10.20728,The camera remains at the same location on a slope.
XSFhM20wTGE3JnRNJSliYyo8aEo,phone_03,B44_1,C068,STS/MML/HLW/ASN,Samuel Fahn,Camera retrieval,,2026-01-18,14:57,7.0289633,-10.2139217,The camera refused to display
RWRZbUErNipUSio5KEJwNHB5S0k,phone_03,B24,S26,STS/MML/HLW/ASN,Kermu Dolo,Song meter set-up,"Primary forest, Low primary dry with understory, High primary with understory",2026-01-24,12:47,7.0992699,-10.2219101,The song meter was set up about 116m away from the main point in a primary forest with understory.
TStxOGFdRzFzVXBHPFMlPGxXNHc,phone_03,B30,S44,STS/MML/HLW/ASN,Kermu Dolo,Song meter set-up,"Secondary forest, Hillside, Late secondary",2026-01-24,15:08,7.0915333,-10.21405,The song meter was set up about 822m away from the main point in a secondary forest along a hilltop
TUE4Ql0zVl06NysrMzFbV0BBTVA,phone_03,B11&B12,S41,STS/MML/HLW/ASN,Justin Flomo,Song meter set-up,"Primary forest, Hillside, High primary no understory",2026-01-26,11:25,7.1290117,-10.2431033,"The song meter was setup between site B11 and B12 about 690m and 855m away from the points respectively, along a hillside"
WmE4K24pKVNMaDlxKVAlMSU5WUU,phone_03,A13,S43,STS/MML/HLW/ASN,John Fokpah,Song meter set-up,"Primary forest, Hillside, Low primary dry with no understory",2026-01-27,12:45,7.071845,-10.2882,The song meter (S43) was setup in grid A13 about 174m away from the main point in a primary forest along two drainages.
UjlaelA1Z1g-MFJUdG5hXTkqJTc,phone_03,A18,S49,STS/MML/HLW/ASN,John Fokpah,Song meter set-up,"Primary forest, Low primary dry with understory",2026-01-27,13:59,7.0613367,-10.2892617,The song meter (S49) was set up in a primary forest about 205m away from the main point in grid A18
KTI4anY-MnlqVSlTUW43eDRKNyY,phone_03,B14,S21,STS/MML/HLW/ASN,Sumo Gardia,Song meter set-up,"Primary forest, Hillside",2026-01-31,12:31,7.1175117,-10.2904283,"The song meter (S21) was setup in a primary forest,on a hill top about 490m away from the main point, beside a fallen log."
TlE1UmYmdEw8JnZXVXhUSG5ad0U,phone_03,B08,S17,STS/MML/HLW/ASN,Sumo Gardia,Song meter set-up,Primary forest,2026-01-31,13:32,7.1240433,-10.2890483,"The song meter ((S17) was setup in a primary forest about 387m away from the main point, under a upaca tree."
V1VaTisjZlltXUN2U0NBbnRWY08,phone_03,PYGHIP,C127,STS/MML/HLW/ASN/DD/AE,Sumo Flomo,Camera set-up,"Primary forest, Secondary forest, Swamp, River",2026-02-05,11:27,6.9613967,-10.27578,"Mostly primary with secondary forest, seasonally swamp flooded along the Dondolo river"
Wmd6eiFWR21FdmFwPk0-VHBoYnk,phone_03,PYGHIP,C145,STS/MML/HLW/ASN/DD/AE,Sumo Flomo,Camera set-up,"Primary forest, Secondary forest, Swamp, River",2026-02-05,11:49,6.9615017,-10.2760717,
RU5YWWpsJU5XMTYxYTIjQzV2bw,phone_03,PYGHIP,C126,STS/MML/HLW/ASN/DD/AE,Sumo Flomo,Camera set-up,"Primary forest, Secondary forest, Swamp, River",2026-02-05,11:54,6.9617917,-10.2760617,
VWFyKy1waUZzQSowdG5BdnZJWC0,phone_03,PYGHIP,C10,STS/MML/HLW/ASN/DD/AE,Sumo Flomo,Camera set-up,"Primary forest, Riparian forest, River",2026-02-05,12:09,6.9613433,-10.27762,"Possible entry point, raparian along the Dondolo river"
WTRxTnpoZld4KiF3RCZlcmImdVE,phone_03,PYGHIP,C11,STS/MML/HLW/ASN/DD/AE,Sumo Flomo,Camera set-up,"Primary forest, Riparian forest, River",2026-02-05,12:22,6.9613517,-10.2781617,"possible entry point, raparian and along the Dondolo river"
XURzT2VdODV6SVVxNFZhWnU5Mlg,phone_03,PYGHIP,C145,STS/MML/HLW/ASN/DD/AE,Daniel S. Bondo,Camera set-up,"River, High primary wet",2026-02-15,13:42,6.9609883,-10.2777017,The camera was set on an island on the Dondolo river
S08rWFFhay0jU0NoSFQtUXdBVTc,phone_03,PYGHIP,C126,STS/MML/HLW/ASN/DD/AE,Daniel S. Bondo,Camera set-up,"River, High primary wet",2026-02-15,13:49,6.9615283,-10.2743267,The camera was setup on an island on the Dondolo river
TXhuczwqMHUrNiE-JkY4bjdQRmY,phone_03,PYGHIP,C10,STS/MML/HLW/ASN/DD/AE,Daniel S. Bondo,Camera set-up,"River, High primary wet",2026-02-15,13:54,6.9606217,-10.277965,The camera was setup on an island on the Dondolo river
SVZPJU4jIUA4PilSY0pjKlk0LTc,phone_03,PYGHIP,C092,STS/MML/HLW/EJJ/AKF,Daniel S. Bondo,Camera set-up,"Riparian forest, Swamp, River, Low primary wet",2026-02-16,12:19,6.96084,-10.27577,The camera was set up on an island along the Dondolo river on a Hippo track.
RiU5MTNyKHFDV3J3K2V2MF1DaTE,phone_03,PYGHIP,C097,STS/MML/HLW/EJJ/AKF,Daniel S. Bondo,Camera set-up,"Riparian forest, Swamp, River, Low primary wet",2026-02-16,12:36,6.9613383,-10.2763183,The camera was set up on an island along the Dondolo river on a Hippo track.
R1pSOyZzRHQ0K1B4aG1Va3dXUEI,phone_03,PYGHIP,C105,STS/MML/HLW/EJJ/AKF,Daniel S. Bondo,Camera set-up,"Riparian forest, Swamp, River, Low primary wet",2026-02-16,12:51,6.9607533,-10.2759767,The camera was set up on an island along the Dondolo river on a hippo track.
TFhzbkUlNHhoRiUoNVdSMTpOQFM,phone_03,PYGHIP,C028,STS/MML/HLW/EJJ/AKF,Daniel S. Bondo,Camera set-up,"Riparian forest, Swamp, River, Low primary wet",2026-02-16,14:08,6.9608067,-10.27876,The camera was set up on an island along the Dondolo river on a Hippo track.
KlVJZDhdZmU3NTNyQTFkWlZnOCo,phone_03,PYGHIP,C104,STS/MML/HLW/EJJ/AKF,Daniel S. Bondo,Camera set-up,"Riparian forest, Swamp, River, Low primary wet",2026-02-16,14:24,6.9606894,-10.278962,The camera was set up on an island along the Dondolo river on a possible Hippo track.
WSg7YnVBTDFOKWNZaWhbRkpZNUw,phone_03,PYGHIP,C135,STS/MML/HLW/EJJ/AKF,Daniel S. Bondo,Camera set-up,"Riparian forest, River, Low primary wet",2026-02-16,14:39,6.96159,-10.2790517,The camera was set up on an island along the Dondolo river on a possible Hippo track.
UVFJbkZAOEdyRiFpV10qZXlAaEg,phone_03,PYGHIP,C103,STS/MML/HLW/EJJ/AKF,Daniel S. Bondo,Camera set-up,"Riparian forest, Swamp, River, Low primary wet",2026-02-16,15:01,6.9598983,-10.2792933,The camera was set up on an island along the Dondolo river on a possible Hippo track.
UEBvc1UlYUFxNkdhd2N2VHIhblQ,phone_03,PYGHIP,C117,STS/MML/HLW/EJJ/AKF,Daniel S. Bondo,Camera set-up,"Riparian forest, Swamp, River, Low primary wet",2026-02-16,15:59,6.9616033,-10.2760867,The camera was set up on a Hippo track along the Dondolo river.
SjBkeklwWztLcT5pdFJiNCoqeUY,phone_03,PYGHIP,C42,STS/MML/HLW/EJJ/AKF,Daniel S. Bondo,Camera set-up,"Riparian forest, Swamp, River, Low primary wet",2026-02-16,16:12,6.9614483,-10.2760233,
KjtJT1lmQXJ0cTQ2NE8qWjRuO1g,phone_04,B50_1,C139,"STS, MMLASN, HLW",Ezekiel Tokpah,Camera set-up,"Primary forest, Hillside, High primary with understory",2025-11-17,11:32,7.0162127,-10.2327517,The camera was set up about 411m away from the point near a termite mount in a possible chimpanzee habitat.
KlNBNyh2N1UxKilMNitLYnUhdlI,phone_04,B50_2,C062,"STS, MML, ASN, HLW",Ezekiel Tokpah,Camera set-up,"Primary forest, Hillside, High primary with understory",2025-11-17,13:00,7.0196834,-10.234069,The camera was set up in a primary forest about 151m away from the main point in a possible chimpanzee habitat.
RUhSUkB3QkUxcjQySUhSVkNnVTw,phone_04,B49_1,C069,"STS, MML, ASN, HLW",Ezekiel Tokpah,Camera set-up,"Primary forest, High primary with understory",2025-11-17,14:36,7.0180076,-10.2430289,The camera was set up in a primary forest with open understory about 15m away from a fruiting Parinari excelsa tree.
VGRrWHQ7ZjA7VkdRNCh2ZEFtMjU,phone_04,B49_2,C086,"STS, MML, ASN, HLW",Ezekiel Tokpah,Camera set-up,"Primary forest, Swamp, Low primary wet",2025-11-17,16:15,7.015491,-10.2513285,The camera was set up near a wet land in a primary forest beside a termite mount.
KzQ0QG0qbSgqI0IhUlJ4WE9SYio,phone_04,B49_3,C131,"STS, MML, ASN, HLW",Ezekiel Tokpah,Camera set-up,"Primary forest, High primary with understory",2025-11-17,17:13,7.013155,-10.2436817,Camera was set-up about 20m away from an old survey road on a fresh possible chimp track
UFFERzppZTs6S0xUOlgjRERrPHQ,phone_04,B58,C063,"STS, MML, ASN, HLW",Ezekiel Tokpah,Camera set-up,"Primary forest, Secondary forest",2025-11-18,11:13,7.0086067,-10.2121917,"The camera was set-up in a dense secondary forest with open canopy and understory about 591m away from the point, in a possible chimp habitat"
RkldIVY5dFdWVXZHN0Fna3E8Iyo,phone_04,B57,C043,"STS, MML, ASN, HLW",Ezekiel Tokpah,Camera set-up,"Primary forest, Hillside, High primary with understory",2025-11-18,12:16,7.0069,-10.2168517,"The camera was set-up on a hillside, in a primary forest about 540m away from the point, about 30m away from a wetland."
TSMpPmlHWXlQOGU4S09yUDBLKUs,phone_04,B27,C055,"STS, MML, ASN, HLW",Samuel Sumo,Camera set-up,"Primary forest, High primary with understory",2025-11-19,13:14,7.0884633,-10.24434,The camera was set up in a primary forest with open understory and  canopy; about 10m away from an old Dahoma tree and approximately 546m away from the main point.
LWI1TTYrKSgtUm9mNS0mTmUxQk4,phone_04,B28,C080,"STS, MML, ASN, HLW",Samuel Sumo,Camera set-up,"Primary forest, Hillside, High primary with understory , High primary wet",2025-11-19,15:09,7.0871045,-10.232709,The camera was set up on a hillside in a primary forest with open understory and canopy; about 15m away from a wetland and approximately10m away from a termite mount under a Parinari excelsa fruiting tree.
VUdFUlRNSkJzO3VPKSZhSz5JMHU,phone_04,B32,C057,"STS, MML, ASN, HLW",Dogbah Peter,Camera set-up,"Primary forest, Hillside, High primary with understory",2025-11-21,11:01,7.0731548,-10.2534928,"The camera was set up in a primary forest, facing about 100m North East toward a wetland and approximately 520m away from the main point."
KkIpVzc5KktRaHFnTERyRFhINkQ,phone_04,B31,C065,"STS, MML, ASN, HLW",Dogbah Peter,Camera set-up,"Primary forest, High primary with understory",2025-11-21,12:53,7.0728398,-10.2617777,The camera was set-up about 89m away from the main point in a primary forest under a fruiting tree.
KnlVQUFtMFZySDMqMlMhKyNSJTA,phone_04,B33,C044,"STS, MML, ASN, HLW",Dogbah Peter,Camera set-up,"Primary forest, High primary with understory",2025-11-21,16:31,7.0756985,-10.239967,The camera was set up in a primary forest about 580m away from the main and approximately 200m away from a wetland.
JkJZKjktekI7cUtXLVJFJV1kSVM,phone_04,B33,S13,"STS, MML, ASN, HLW",Dogbah Peter,Song meter set-up,"Primary forest, High primary with understory",2025-11-21,17:10,7.07411,-10.24101,"The song meter was set up in a primary forest, on a hillside, about 200m away from camera C044"
UStDaEB1dFlhJUpuOTwyaDV1U0s,phone_04,B05,C071,"STS, MML, ASN, HLW",Justin Flomo,Camera set-up,"Primary forest, Late secondary, High primary with understory",2025-11-24,13:00,7.140525,-10.2213067,"The camera was set up in a primary forest, 35m away from a fruiting Parinari excelsa tree, 100m away from the point, and about 150m away from a wetland."
RTVMXTYycyhyQjVTQHNXTjBMdmc,phone_04,B06,C072,"STS, MML, ASN, HLW",Justin Flomo,Camera set-up,"Primary forest, High primary with understory",2025-11-24,15:03,7.1421321,-10.2094933,"The camera was set up in a primary forest with open canopy & understory, on a low land, near a Pycnanthus angolenses tree, about 190m away from the main point."
KHMpaW48UipQI0BrVCpQRiVbUHk,phone_04,B06,S18,"STS, MML, ASN, HLW",Justin Flomo,Song meter set-up,"Primary forest, Late secondary",2025-11-24,15:40,7.1408438,-10.2117948,"The song meter was set up in a primary forest, near a termite mount, about 318m away from camera C072."
VDxVMVU3emdqJStSSEl3USE0eVg,phone_04,B55_1,C070,"STS, MML, ASN, HLW",Ezekiel Tokpah,Camera set-up,"Secondary forest, Late secondary",2025-11-26,11:21,7.0092077,-10.2470751,The camera was set up in a secondary forest about 463m away from the point.
RWcoI1szaC06KHVnVW1qWGY-Jig,phone_04,B055_2,C067,"STS, MML, ASN, HLW",Ezekiel Tokpah,Camera set-up,"Secondary forest, Late secondary",2025-11-26,12:24,7.0109021,-10.2449215,The camera was set up in a secondary forest about 317m away from camera C070  and approximately 50m away from a bend-bush.
V3hNUjYmeUJSMHhyUio4WSoqZ3o,phone_04,B055,S39,"STS, MML, ASN, HLW",Ezekiel Tokpah,Song meter set-up,"Secondary forest, Late secondary",2025-11-26,12:43,7.010745,-10.2445617,The song meter was set up in a secondary forest about 60m away from camera C067.
UzA1dWtNNFUxcUpJbio7Umh6aSY,phone_04,B34,C089,"STS, MML, ASN, HLW",Dekergar Dagolly,Camera status check,,2026-01-09,11:02,,,"The camera was met in a suitable condition with the batteries fully charged, with 82 videos being recorded by the camera."
Sz5vMXNFZ0FHZzI3VVpQRkZRc10,phone_04,B35,C133,"STS, MML, ASN, HLW",Dekergar Dagolly,Camera status check,,2026-01-09,12:45,,,"The camera was met in favorable condition with the date and time set correctly, and the camera recorded 129 videos."
VXIrREdwYUw-d2M0NW5YR3IhWF0,phone_04,B49,C131,"STS, MML, ASN, HLW",Mohammed sheriff,Camera status check,,2026-01-12,10:11,7.01302,-10.24364,The camera was met on and in a suitable condition with 6 videos being recorded.
UDZQJVczWklrd1NdRztFakg-IU8,phone_04,B49,C086,"STS, MML, ASN, HLW",Mohammed sheriff,Camera status check,,2026-01-12,11:06,7.0154567,-10.2512967,"The camera was met in the same location in a favorable condition with 23 videos being recorded. But after the batteries and the SD card were changed, it started malfunctioning."
UF1PKFRdUkNuYlJoIXlONm5ZI0k,phone_04,B49,C069,"STS, MML, ASN, HLW",Mohammed sheriff,Camera status check,,2026-01-12,12:16,7.0183083,-10.2427067,The camera was met in the same location in a favorable condition.
QERKVnpGOUgqVEFQVFgrQUo6UkM,phone_04,B50,C062,"STS, MML, ASN, HLW",Mohammed sheriff,Camera status check,,2026-01-12,13:14,7.0196683,-10.2340833,The camera was met in the same location in a favorable condition with 43 videos being recorded in the last working cycle.
KiYtMWErdk1ZeXU7b3MmWkI4Z1A,phone_04,B50,C139,"STS, MML, ASN, HLW",Mohammed sheriff,Camera status check,,2026-01-12,13:44,7.0160365,-10.2326633,The camera was met in the same location in a favorable condition with 24 videos being recorded in the last working cycle.
VWpQVXpkVnNbPis7dzZ1Ji1rcio,phone_04,B57,C043,"STS, MML, ASN, HLW",Mohammed sheriff,Camera status check,,2026-01-13,10:50,7.0069476,-10.216826,The camera was met in the same location in a favorable condition with 53 videos being recorded in the last working cycle.
Sz5tTio3KlJbJU0pOUs0XShoOVg,phone_04,B58,C063,"STS, MML, ASN, HLW",Mohammed sheriff,Camera retrieval,,2026-01-13,11:24,7.0092752,-10.2119483,"The camera was met in the same location with a low battery signal, malfunctioning buttons, with a blurry screen."
UlQtUjAqa3NMSk5xRDIqTnZ4WEs,phone_04,B27,C055,"STS, MML, ASN, HLW",Nathaniel Richards,Camera status check,,2026-01-14,11:40,7.0884088,-10.2442448,The camera was met in the same location with 14 videos being recorded in the last working cycle.
WyVadl1ANEZJMSs5cSFpTHZQYlM,phone_04,B28,C080,"STS, MML, ASN, HLW",Nathaniel Richards,Camera status check,,2026-01-14,12:45,7.0867646,-10.2326291,The camera was met in the same location with 20 videos being recorded in the last working cycle.
IUkrRyVJd3N0YVtBbztOTldub2U,phone_04,B32,C057,"STS, MML, ASN, HLW",Robert Mogabey Flomo,Camera status check,,2026-01-15,10:10,7.0730387,-10.2536278,The camera was met in the same location with 6 videos being recorded in the last working cycle.
KEU6R29rTipOSkhAU29rd3NFdno,phone_04,B31,C065,"STS, MML, ASN, HLW",Robert Mogabey Flomo,Camera status check,,2026-01-15,11:28,7.0731363,-10.2618227,The camera was met in the same location with 11 videos being recorded.
WXNoZ09DcmU3ZyFzMW4oMFI0M0o,phone_04,B33,C044,"STS, MML, ASN, HLW",Robert Mogabey Flomo,Camera status check,,2026-01-15,13:09,7.0755817,-10.240015,The camera was met in the same location with 8 videos being recorded in the last working cycle.
XUxBY0paR3pvJTF0VHI0KnoyKDQ,phone_04,B33,S13,"STS, MML, ASN, HLW",Robert Mogabey Flomo,Song meter status check,,2026-01-15,13:36,7.0741384,-10.2411301,The song meter was met in the same location in Grid B33.
XTUwZE9DTXdBekVJbjIqdVIqVUI,phone_04,B36,C081,"STS, MML, ASN, HLW",Robert Mogabey Flomo,Camera retrieval,,2026-01-15,14:20,7.0594908,-10.2490275,The camera was met in the same location but not functioning. It has been switched off since the day of it's status check.
KXZEaDxlTFs0OnFBUFo6MDFhPmk,phone_04,B05,C071,"STS, MML, ASN, HLW",Moses Tokpah,Camera status check,,2026-01-16,11:25,7.1404803,-10.2213032,The camera was met in the same location with 56 videos being recorded in the last working cycle.
VkopWj5ELS1sKlBhbipDM3MhUSU,phone_04,B06,C072,"STS, MML, ASN, HLW",Moses Tokpah,Camera status check,,2026-01-16,12:32,7.1424317,-10.2094217,The camera was met in the same location with 54 videos being recorded.
WXIjPlRXOyZmKnkwNCs1anQyZ3o,phone_04,B06,S18,"STS, MML, ASN, HLW",Moses Tokpah,Song meter status check,,2026-01-16,12:55,7.1408483,-10.2117567,The song meter was met in the same location in Grid B06
JUlIQnhvWllKLU9VTWlpYihTcG8,phone_04,B55,C070,"STS, MML, ASN, HLW",Mohammed sheriff,Camera status check,,2026-01-17,10:20,7.0094251,-10.2472067,The camera was met in the same location with 4 videos being recorded in the last working cycle.
VEI7PlQ0SCVtdjRabXZWYzJARWM,phone_04,B055,C067,"STS, MML, ASN, HLW",Mohammed sheriff,Camera status check,,2026-01-17,10:54,7.010565,-10.244925,The camera was met in the same location with 22 videos being recorded in the last working cycle.
JUdMKjA5c2ZTQmI6RjlNPiEjdXI,phone_04,B55,S39,"STS, MML, ASN, HLW",Mohammed sheriff,Song meter status check,,2026-01-17,11:03,7.0110317,-10.2444217,The song meter was met in the same location in Grid B55.
UXIpOG5zTGU-JTF6RCsydVREOTo,phone_04,B59,C058,"STS, MML, ASN, HLW",Moses Flomo,Camera status check,,2026-01-17,13:46,7.0098717,-10.19682,The camera was met in the same location with 20 videos being recorded in the last working cycle.
U1diSiotV0FBNXVTOjBveGYzOXE,phone_04,B59,C052,"STS, MML, ASN, HLW",Moses Flomo,Camera status check,,2026-01-17,14:15,7.0085747,-10.1943585,The camera was met in the same location with 31 videos being recorded in the last working cycle.
JWVqdDdAazMhV2llbEVoSXFUPm8,phone_05,A16,C141,YAJ/EJ,James Kpoto,Camera set-up,"Secondary forest, Swamp, Transformed",2025-11-13,09:21,7.0580782,-10.3159284,
VVBuV3g7VjRVRSZ0TWE7WWdbOEY,phone_05,A22,C124,YAJ/EJ,James Kpoto,Camera set-up,"Primary forest, High primary with understory",2025-11-13,11:16,7.0458649,-10.3168334,
WHpuMk14Pj5lbUYobE85ODJyWy0,phone_05,A23,C118,YAJ/EJ,James Kpoto,Camera set-up,"Primary forest, Low primary dry with understory",2025-11-13,13:22,7.0455882,-10.3030582,
QGMjRVIyWjBSaChQI09iOG0pZC0,phone_05,A17,C123,YAJ/EJ,James Kpoto,Camera set-up,"Secondary forest, Regrowth forest, Transformed",2025-11-13,16:21,7.0563483,-10.3040099,
Tno6KllEaVdvenFqeVpiaUZlUlE,phone_05,A15,C136,YAJ/EJ,James Kpoto,Camera set-up,"Primary forest, Hillside, High primary with understory",2025-11-14,10:04,7.0595065,-10.3294584,
RWI1JmZVQjorVDF1SHAjbEs8YzA,phone_05,A09,C102,YAJ/EJ,James Kpoto,Camera set-up,"Hillside, Low primary dry with understory",2025-11-14,12:39,7.0670002,-10.3409702,The camera was mapped at a fruit tree where animals come to eat.
SEd0VDVvVDViRD5Gd0oxd2QzcGk,phone_05,A10,C115,YAJ/EJ,James Kpoto,Camera set-up,"Hillside, High primary with understory",2025-11-14,13:56,7.0705083,-10.3344333,
XTttWTpIY0RzZ044bXc1RlR1TEc,phone_05,A04,C112,YAJ/EJ,James Kpoto,Camera set-up,"Hillside, High primary with understory",2025-11-15,12:46,7.0904217,-10.3185267,Chimpanzee net and activities found at this point
JmVBW0FhJjRPMUYoeFV3TGpkK0M,phone_05,A04,C049,YAJ/EJ,James Kpoto,Camera set-up,"Primary forest, Hillside, High primary with understory",2025-11-15,13:30,7.0926133,-10.318535,Chimpanzee playing ground
KjFkOjNKPEZAeiNIVUxJTzplcU4,phone_05,A01,C148,YAJ/EJ,James Kpoto,Camera set-up,"Primary forest, Hillside",2025-11-15,14:18,7.09488,-10.318275,Chimpanzee net near fruit tree
QERbLXkmU3I4IShtMm1lOiZ3RjQ,phone_05,A10,S05,YAJ/EJ/AG,James Kpoto/ William David,Song meter set-up,"Hillside, High primary with understory",2025-11-17,10:12,7.0720152,-10.3323564,
RzR6N1ApQSs8QEU5Ulg2dVsybVQ,phone_05,A10,C114,YAJ/EJ/AG,James Kpoto/ William David,Camera set-up,"Primary forest, Hillside, High primary with understory",2025-11-17,11:12,7.0743533,-10.3351433,
TEg1KEFnXWU8Q2k0JkVEVU95SDQ,phone_05,A09,C149,YAJ/EJ/AG,James Kpoto/ William David,Camera set-up,"Primary forest, Hillside, Low primary dry with understory",2025-11-17,12:09,7.0786263,-10.3405732,
XSFIMzRxTHg7KiojTSVWJiZiQVc,phone_05,A07,C096,YAJ/EJ/AG,James Kpoto/William David,Camera set-up,"Hillside, High primary with understory",2025-11-17,12:55,7.0824065,-10.3428265,
JVhNTCZrMXRbdmZxR01mb2VCbS0,phone_05,A07,C107,YAJ/EJ/AG,James Kpoto/ William David is,Camera set-up,"Primary forest, Hillside, High primary no understory",2025-11-17,13:39,7.0855176,-10.3440811,
RmZpQzRuPDtjbmpvOExXb1c2ZHE,phone_05,A07,S25,YAJ/EJ/AG,James Kpoto/ William David,Song meter set-up,"Primary forest, Hillside, High primary no understory",2025-11-17,13:42,7.0852217,-10.344185,
KjtlblRhcGU6ZkhxSStLc3Y0Ozo,phone_05,A08,C113,YAJ/EJ/AG,James Kpoto/William David,Camera set-up,"Primary forest, Hillside, High primary with understory",2025-11-17,14:59,7.0854637,-10.3352902,Chimpanzee net seeing within the area of camera setup.
W3MxcEkyMFRGVUo2KCFmKnp5bSk,phone_05,A08,C100,YAJ/EJ/AG,James Kpoto/ William David,Camera set-up,"Primary forest, Riparian forest, Low primary dry with understory",2025-11-17,15:50,7.0861253,-10.3303669,Lots of Forest buffalo footprint around the camera point.
WjNdbFQwT1dEM0xFI21mVGpGYmE,phone_05,A08,C108,YAJ/EJ/AG,James Kpoto/William David,Camera set-up,"Hillside, Low primary dry with understory",2025-11-17,16:28,7.0857133,-10.326635,Lots of forest buffalo activities many dung and footprint
R3dJaWxPM0ZzTFR4PCNvLTFxPnU,phone_05,A02,C132,YAJ/EJ/AG,James Kpoto/William David,Camera set-up,"Primary forest, Low primary dry with understory",2025-11-18,11:36,7.0997469,-10.3032972,
IUpPTiNOJWZwPCNWaDNdJWZHXU8,phone_05,A03,C099,YAJ/EJ/AG,James Kpoto/ William David,Camera set-up,"Riparian forest, Low primary wet",2025-11-18,13:16,7.0986579,-10.2924334,
Wjp3JVExVkhCYlRIeDhBU2xxaFU,phone_05,A03,C116,YAJ/EJ/AG,James Kpoto/ William David,Camera set-up,"Primary forest, Hillside, High primary with understory",2025-11-18,13:51,7.0960651,-10.2938116,
PHlTcFN0YWNMWCNONlY8KnIoZ1s,phone_05,A06,C144,YAJ/EJ/AG,James Kpoto) William David,Camera set-up,"Primary forest, Hillside, Low primary dry with understory",2025-11-18,14:54,7.0889475,-10.2908743,
WitJWDBbUXNWTzlhcV1NXUtvZHk,phone_05,A05,C125,YAJ/EJ/AG,James Kpoto/William David,Camera set-up,"Primary forest, Hillside, High primary with understory",2025-11-18,16:08,7.0849484,-10.3010154,
KUE2OyFaOnpwZjRhb2s3QVdBLVM,phone_05,A12,C110,YAJ/EJ/AG,James Kpoto/ William David,Camera set-up,"Primary forest, Hillside, Low primary dry with understory",2025-11-19,14:33,7.0739733,-10.304745,
UmdxOlBuYjpIek9oeGt1VnUleV0,phone_05,A21,C101,YAJ/EJ/AG,James Kpoto,Camera set-up,"Riparian forest, Hillside, High primary with understory , High primary wet",2025-11-20,11:12,7.0435118,-10.3326836,
JnU3RT4lXUc5ZFBAJmg-Q2xhbg,phone_05,A27,C119,YAJ/EJ/AG,James Kpoto,Camera set-up,"Primary forest, Hillside, High primary no understory",2025-11-20,12:28,7.035845,-10.3301017,
LXl3TWJlelo-W2IzO1l4YXhWY2s,phone_05,A26,C090,YAJ/EJ/AG,James Kpoto,Camera set-up,"Primary forest, Riparian forest, Low primary dry with understory",2025-11-20,14:39,7.0317291,-10.3427208,
WihuKmF6Z0c4RkVObG1zQHBUUnU,phone_05,A20,C106,YAJ/EJ/AG,James Kpoto,Camera set-up,"Primary forest, Low primary dry with understory",2025-11-20,16:28,7.04575,-10.3439251,
VnNJZFJCMXNrLTFPeFk0ZV1LeDE,phone_05,A24,C32,YAJ/EJ/AG,James Kpoto,Camera set-up,"Primary forest, Hillside, Low primary dry with understory",2025-11-21,12:48,7.0453346,-10.2907768,
QEM4JSg4eG1JTiNlUVR2c1RsQWI,phone_05,A30,C36,YAJ/EJ/AG,James Kpoto,Camera set-up,"Primary forest, Low primary dry with no understory",2025-11-21,14:15,7.037487,-10.2885921,
WTdRIUR1UDZdeXd3dio4LT5aU1s,phone_05,A29,C34,YAJ/EJ/AG,James Kpoto,Camera set-up,"Primary forest, Hillside, Low primary dry with understory",2025-11-21,16:11,7.0362395,-10.3005988,
VXBoZWFnPlA0W1hlKjFUMzNdPkw,phone_05,A28,CEI04,YAJ/EJ/AG,James Kpoto,Camera set-up,"Primary forest, Hillside, Low primary dry with understory",2025-11-22,11:19,7.0372682,-10.3145103,
Q09xRmZDSjddME9wR21DNlRNdUk,phone_05,A28,S19,YAJ/EJ/AG,James Kpoto,Song meter set-up,"Primary forest, Low primary dry with understory",2025-11-22,11:51,7.0356699,-10.3159849,
WmpDLVNhbWo4PHdndG1DOGFsWnk,phone_05,A33,C16,YAJ/EJ/AG,James Kpoto,Camera set-up,"Primary forest, Hillside, Low primary dry with understory",2025-11-22,14:06,7.0204993,-10.326833,
WXBpKEFlOTQ8SkVoQDooc1BUUDo,phone_05,A34,C39,YAJ/EJ/AG,James Kpoto,Camera set-up,"Primary forest, Hillside, High primary with understory",2025-11-22,14:51,7.0195116,-10.3218666,
Uk5IcyFQKlJHdGhUVFhaW05RTkI,phone_06,C15,C147,MkM &WS,Daniel S. Bondo (0777687792),Camera set-up,Primary Secondary mosaic,2025-11-12,12:15,7.1274833,-10.1149517,
QFQxd2tzelpJc3hHeXh1NmEoKkc,phone_06,C14,C137,MkM &WS,Daniel S. Bondo (0777687792),Camera set-up,High primary with understory,2025-11-12,13:58,7.1274033,-10.12692,
PmVOem5iU1I4TSlkJnJyVS1vVyg,phone_06,C13,C143,MkM &WS,Daniel S. Bondo ( 0777687792),Camera set-up,Late secondary,2025-11-12,15:39,7.1278517,-10.14054,
SkVHIWdIaWxrdmIqNnRLR2ZuMmk,phone_06,C31,C046,MkM &WS,Daniel S. Bondo ( 0777687792),Camera set-up,Primary Secondary mosaic,2025-11-13,10:02,7.1008533,-10.126755,
VTdLJncmaiZTI3ZxYkVFYzAtc2M,phone_06,C20,C007,MkM &WS,Daniel & Korlawoo (kweh ta),Camera set-up,Low primary dry with understory,2025-11-14,12:19,7.1191267,-10.1645183,"The actual site where the camera should be placed has upcoming farming activities, however the end of the grid has a very good habitat."
TGtQVUxbUFI4dmh2YVtsMG1PWjw,phone_06,C12,C032,MkM &WS,Daniel S. Bondo & Korlawoo ( Kweh ta),Camera set-up,High primary with understory,2025-11-14,13:24,7.1212767,-10.1565183,
WHI8PFVaczArKmhhTVp5YmFCTFQ,phone_06,C12,C12(S16),MkM &WS,Daniel S. Bondo & Korlawoo (Kweh Ta),Song meter set-up,Low primary dry with understory,2025-11-14,13:38,7.1212767,-10.1565183,
TlJzbi1wZlktak9td2hUKlQ0Sm0,phone_06,C48,C48(C038a),MkM &WS,Daniel S. Bondo (0777687792),Camera set-up,High primary with understory,2025-11-15,09:21,7.0702967,-10.1577833,
TzNjWU1AQihaWTMwWDc-VHZ3VW8,phone_06,C40,C016,MkM &WS,Daniel S. Bondo & Eman Kollie (Torpor Ta),Camera set-up,High primary with understory,2025-11-15,12:16,7.0875683,-10.119505,
UUtdRGJxPlImaDZqSTpDRDstTDQ,phone_06,C47.1,C030,MkM &WS,Daniel S. Bondo/ Milton Morris (Nweeh),Camera set-up,Primary Secondary mosaic,2025-11-17,10:30,7.0706667,-10.1653533,
SktrcDZkayUoJXZscHIwO10qcE8,phone_06,C37.1,C024,MkM &WS,Daniel S. Bondo & Milton Morris,Camera set-up,Low primary wet,2025-11-17,14:18,7.0882967,-10.1700433,
UVlHZVswQGd6KlZBN2xrPnQxKmY,phone_06,Badd3,C009,WS & LK,Dennis Mulbah (Gwatha),Camera set-up,"Low primary wet, High primary with understory",2025-11-19,09:17,7.0297683,-10.17132,
SE1DW1k2VXB5eHM8UlEtViNjIUI,phone_06,Badd2,C022,WS & LK,Dennis/J. GoodBoy,Camera set-up,High primary with understory,2025-11-19,11:43,7.0264133,-10.1871633,
VWlWMFp0OGZvSVI3NVBAPGFQOWE,phone_06,Badd2,S12,WS & LK,Dennis Mulbah& Joseph GoodBoy,Song meter set-up,High primary with understory,2025-11-19,11:55,7.0263383,-10.1872083,
I2Utc29jZzQlKUojRnBBQHZEJXA,phone_06,Badd1,C004,WS & LK,Dennis Mulbah & Junior Flomo,Camera set-up,Low primary wet,2025-11-19,13:13,7.0405583,-10.1717833,
PFtvcWgjJmthSUhjPipDdWJXITg,phone_06,C57,S36,WS & LK,Dennis Mulbah (Gwatha),Song meter set-up,High primary no understory,2025-11-19,14:34,7.0443433,-10.1557883,
RXFrTVoxOTcqRGRjeEcxZjlUXU0,phone_06,C57B,C023,WS & LK,Dennis Mulbah,Camera set-up,High primary with understory,2025-11-19,14:43,7.0442333,-10.1557517,Around an interesting spot of Chimp and African Leopard habitat
SzgwVS0qUWkjWHBQYSo1KkY5bnM,phone_06,C45,C029,WS & MKM,Daniel & Eric Y. Mulbah (Town Chief),Camera set-up,High primary with understory,2025-11-21,10:37,7.0798145,-10.0943822,
Q1d6NjYqQENESyUpViYjOlBsTFA,phone_06,C46,C019,WS & MKM,Daniel & Eric Y. Mulbah ( koninyeapolu),Camera set-up,High primary with understory,2025-11-21,11:30,7.0788617,-10.09036,
XWVaazxLWFdnWTQ3SFsjQ0UyJnI,phone_06,C46,S20,WS & MKM,Daniel & Eric Y. Mulbah (Koninyeapolu),Song meter set-up,High primary with understory,2025-11-21,11:50,7.0788067,-10.0903133,
U1E7TToodjBrNiFCQ2l4aWg7U2w,phone_06,C56,C020,WS & MKM,Daniel & Eric Y. Mulbah (Koninyeapolu),Camera set-up,Late secondary,2025-11-21,13:10,7.0644083,-10.100335,
VjhtZ1tHM3gwNCt1JmJTMFBQQUY,phone_06,C34,C003,WS & MKM,Daniel S. Bondo,Camera set-up,High primary with understory,2025-11-22,10:37,7.0994033,-10.0851233,
UWxjZzZuaDImTFJIKF1HTCpOJVI,phone_06,C34,S34,WS & MKM,Daniel S. Bondo,Song meter set-up,High primary with understory,2025-11-22,10:46,7.0993533,-10.0851383,
TmU-aTJNT1BdRiZzcXFbTk9VT1I,phone_06,C35.2,C010,WS & MKM,Daniel S. Bondo,Camera set-up,High primary with understory,2025-11-22,11:56,7.1003239,-10.0786054,
SGg8YW4zd28yQDNAViorWUxaVTM,phone_06,C35.2,S09,WS & MKM,Daniel S. Bondo,Song meter set-up,High primary with understory,2025-11-22,12:09,7.1002833,-10.078645,
VzA8czRGPnQhZTwhKSo2WS1EZUs,phone_06,C35.1,C041,WS & MKM,Daniel S. Bondo,Camera set-up,High primary with understory,2025-11-22,13:00,26.96862110288473,6.3771601393818855,
IUlBa0FAYzUmbzZ6MVVqS1haU2w,phone_06,C44.1,C013,WS & MKM,Daniel S. Bondo,Camera set-up,High primary with understory,2025-11-22,14:16,7.092695,-10.0747941,
SEY3el1XZEFrS2hxcCZ3RW5Gels,phone_06,C43.1,C001,WS & MKM,Daniel S. Bondo,Camera set-up,High primary with understory,2025-11-22,15:59,7.0869683,-10.0871283,
PCF2MWZaMipbKFRYUEFraVVWd1c,phone_06,32.1,C005,WS & MKM,Daniel S. Bondo,Camera set-up,Primary Secondary mosaic,2025-11-24,10:13,7.0941117,-10.113775,
VjNHOG9vK2EqOEdsKnZjc1FAc1E,phone_06,C57.3,C015,WS & MKM,Dennis Mulbah,Camera set-up,High primary with understory,2025-11-26,09:31,7.0429695,-10.1550888,
KzFoIXlBSFhXWDxvNCgoXUxSVEA,phone_06,C57.3,S32,WS & MKM,Dennis Mulbah,Song meter set-up,High primary with understory,2025-11-26,09:48,7.0430431,-10.1550682,
UHB4WWFjaWFLOil3QkE7VzNTVnc,phone_06,C57.4,C018,WS & MKM,Dennis Mulbah,Camera set-up,High primary with understory,2025-11-26,10:27,7.0441117,-10.15316,
SngqbiN4Vks5dkBIQDlYNkU5cy0,phone_06,C57.5,C017,WS & MKM,Dennis Mulbah,Camera set-up,High primary with understory,2025-11-26,11:16,7.0449983,-10.1514917,
KnF3bWRTbXlKYlppc0sjMVBoIyE,phone_06,C57.5,S08,WS & MKM,Dennis Mulbah,Song meter set-up,"River, High primary with understory",2025-11-26,11:28,7.0449783,-10.15158,
SUJvOUdMV0NTaFg1ZisqW2xpWUY,phone_06,C58,EI06,WS & MKM,Daniel,Camera status check,,2026-01-08,09:34,7.0519902,-10.1354183,
RHE2PEIpKEI2KCtWXTNqI3ZEeDo,phone_06,C58,EI09,WS & MKM,Daniel,Camera status check,,2026-01-08,10:01,7.0516783,-10.1353683,
SFJPUmRZKnVRIXNsaEZWI2JjMmI,phone_06,C53,EI03,WS & MKM,Daniel,Camera status check,,2026-01-08,10:34,7.05331,-10.1333767,
USVDOnRSLVAxJiFpTj5NMnZyeTM,phone_06,C55,EI08,WS & MKM,Daniel,Camera status check,,2026-01-08,14:26,7.0592767,-10.114545,
RnEqSVJnSUp4czM8OXNRdCE8RDo,phone_06,C54,C14a,WS & MKM,Daniel,Camera status check,,2026-01-08,15:44,7.0598617,-10.126795,"After unarming and later turning it on, we discovered the camera malfunctioning. We're left with no options, other than to retrieve the camera."
RHUyMkZZOUoxQnNzeEFaKlR6djA,phone_06,C29,C38,WS & MKM,Daniel,Camera status check,,2026-01-09,10:17,7.10026,-10.15026,
WlhsR0R3OFNNbk4hNj5xWGdPNUs,phone_06,C30,C31,WS & MKM,Daniel,Camera status check,,2026-01-09,11:02,7.099115,-10.13709,
T3l3NlVZb2cqVyVhc2JGcWozR1U,phone_06,C48,C038,WS & MKM,Daniel,Camera status check,,2026-01-09,12:29,7.0702783,-10.1577417,
RTgwWys3UCpTMzFlOWJBOUdBVlM,phone_06,BADD2,C022,LK/MM,Dennis,Camera status check,,2026-01-12,13:23,7.0263574,-10.1873156,
VTVaZGswQipZc0M8bVUjPnhWd2M,phone_06,BADD2,S12,LK/MM,Dennis,Song meter status check,,2026-01-12,13:31,7.0262387,-10.1871928,
LV1bRFRuQ1QhO1VtbldORUtHbDs,phone_06,B54,C012,LK/MM,Dennis,Camera status check,,2026-01-12,13:53,7.0250651,-10.1865085,
Q05uMnY7IW1PdkQoNnpxRTVBbiM,phone_06,BADD3,C009,LK/MM,Dennis,Camera status check,,2026-01-12,15:30,7.0297433,-10.1712617,
LTlOIyg0Mil1NklsOUxHTTxuT2Q,phone_06,BADD1,C004,LK,Dennis,Camera status check,,2026-01-13,10:28,7.0404817,-10.1715767,
WWZKeVNGNzZASmQyaGJrQHlWM3g,phone_06,C57,S36,LK,Dennis,Song meter status check,,2026-01-13,11:48,7.044395,-10.1556,
TnhpWEk6QG1TKFUycSV0S1pmdg,phone_06,C57,C037,LK,Dennis,Camera status check,,2026-01-13,12:14,7.0454597,-10.1544521,Camera is inactive due to water.
LVVEbnU4MVFUY0cpS0YoUUghPE8,phone_06,C57,C026,LK,Dennis,Camera status check,,2026-01-13,12:33,7.0467067,-10.1546067,
XUJwS2wrOjRLeHZAOjNaKGlsQkE,phone_06,C57,S08,LK,Dennis,Song meter status check,,2026-01-13,13:11,7.0449902,-10.1515755,
KStwd3U6bltkNkAya0M3aU5qQ1Y,phone_06,C61,C028,LK,Dennis,Camera status check,,2026-01-13,14:27,7.0309333,-10.144425,Camera Date was INACCURATE  before insertion of the second SD card. It was one day ahead of the actual date 13/01/2026 of camera status check.
T2pKOW9LTyh2WTRURExuaEJ5ZWw,phone_06,C21,C077,LK/MM,Dennis,Camera status check,,2026-01-15,10:37,7.1140417,-10.1490083,
SFJJUSMjNCVaNmc8cCE0SUZyM1s,phone_06,C22,C042,LK/MM,Dennis,Camera status check,,2026-01-15,12:57,7.115465,-10.13647,
RCZSKmtYbjhFQ2VlUTdvR0hsOG4,phone_06,C06,C142,LK/MM,Dennis,Camera status check,,2026-01-15,14:54,7.1397733,-10.12356,
RSl4V0lIcihnNmpDZDE6NllVVCg,phone_06,C07,C138,LK/MM,Dennis,Camera status check,,2026-01-15,15:33,7.1415833,-10.1194,
Vzp4b0xma2gjSCpMZGVCUF1ZU1A,phone_06,C37,C024,LK/MM,Dennis & Daniel,Camera retrieval,,2026-01-16,09:31,7.0884233,-10.1699633,Damage camera due to water
Sio6SFJMcDE6dnFFN2QqVzAzVnc,phone_06,C47,C030,LK/MM,Daniel & Dennis,Camera status check,,2026-01-16,11:10,7.070675,-10.1653817,
UjBPaCs3ZEZ5QUtRIVpweHhmO1I,phone_06,C20,C007,MM,Daniel,Camera status check,,2026-01-21,09:09,7.1190736,-10.1643997,
QCt3W2orbFB5ck96JSkyc11qdiU,phone_06,C13,C143,MM,Daniel,Camera status check,,2026-01-22,10:35,7.1278367,-10.1405067,
TyYlaGU7UCZEb0puZ1kybkRFWm0,phone_06,C14,C137,MM,Daniel,Camera status check,,2026-01-22,11:51,7.1272717,-10.127005,
TUBhLTc3OTdlTEp2NFQ-cE1bOEM,phone_06,C45,C029,MM,Daniel,Camera retrieval,,2026-01-24,11:22,7.07982,-10.0943683,Grid (45) CamC029 was taken from the tree by community dwellers.
ViowMzF4MVpNenhbVGNBUlNVRjc,phone_06,C46,C019,MM,Daniel,Camera status check,,2026-01-24,12:05,7.0788317,-10.09033,
SEdLWighKnRid2txR2JwQGhHeEs,phone_06,C46,S20,MM,Daniel,Song meter status check,,2026-01-24,12:16,7.0788317,-10.0903517,
Wy13RzRUOVNBLVVbTSgzM1c6Q3g,phone_06,C56,C020,MM,Daniel,Camera status check,,2026-01-24,14:15,7.0644373,-10.1003861,
KnhDXWUtWEdtS0BYQHBMaDwrZzw,phone_06,C34,S34,MM/LK/AF,Daniel,Song meter status check,,2026-01-25,08:47,7.09936,-10.0850975,
WURwcE9HVy1QcmIxNFFUMDEhMHk,phone_06,C34,C003,MM/LK/AF,Daniel,Camera status check,,2026-01-25,08:50,7.0993383,-10.0851433,
QExEKlp2cVM4PGpDKSFQUUIhQDM,phone_06,C35.1,S09,MM/LK/AF,Daniel,Song meter status check,,2026-01-25,09:31,7.1002687,-10.0786742,
UnU1KUNxKVZwLUxVOm9CSyVUTlI,phone_06,C35.1,C010,MM/LK/AF,Daniel,Camera status check,,2026-01-25,09:35,7.1003017,-10.0786517,
WkxwekxvKEhxRkpnPm0tKjMoRWM,phone_06,C35,C041,MM/LK/AF,Daniel,Camera status check,,2026-01-25,10:10,7.0994033,-10.0729533,
RFkwSDY2d2NEUHgqbmsmMWdKUjc,phone_06,C35.3,C029,MM/LK/AF,Daniel,Camera set-up,High primary with understory,2026-01-25,10:48,7.0969333,-10.072525,This camera was set up in this grid C35 due to the potential hotspot of Chimp and other threatening species like the Red river Hog and Antelope.   This is the same camera that was taken from Koneapolu (grid 45) due to human disturbance and clandestine activity.
VHpodzErU2ZCUUZQTSN4R0hRY24,phone_06,C43,C001,MM/LK/AF,Daniel,Camera status check,,2026-01-25,12:59,7.0869029,-10.0871839,
LVNyeSl5aTNyYnA2SEEhUHcpbCo,phone_06,C32,C005,LK,Daniel,Camera status check,,2026-01-26,07:27,7.0942517,-10.11383,
