Site ID?,Camera or song meter ID?,Checked by?,Assistants?,What are you doing?,Have you taken a waypoint on your GPS?,Song meter set up correctly? ,Camera date and time correct? ,Photos / videos taken by camera?,Battery Status?,SD card swapped? ,New SD card ID?,ID of SD card in camera?,SD card taken? ,Habitat type?,Notes / Comments,Photo of SD card ID,Photo of camera or song meter ID,Photo of camera or song meter set-up,Date,Time,Location,Entry_ID,Photo of SD card ID.http,Photo of camera or song meter ID.http,Photo of camera or song meter set-up.http,__id
test,test,test,test,Camera set-up,No,,Yes,,,,test,,,Primary forest,test,file:///data/user/0/com.luckydroid.droidbase/files/files/-1355676049/2025-10-24 13.26.56.jpg,file:///data/user/0/com.luckydroid.droidbase/files/files/-1355676049/2025-10-24 13.29.33.jpg,file:///data/user/0/com.luckydroid.droidbase/files/files/-1355676049/2025-10-24 13.30.08.jpg,10/24/2025,1:25:00 PM,"-25.7763775,28.3353893",1,https://drive.google.com/uc?id=1_MjM3xYEgar5TWYCgyI_jB0glaojxVVP,https://drive.google.com/uc?id=1NMJ_NzYTDBbo4IzzbJGd8FQhNBiZ4OtN,https://drive.google.com/uc?id=1f4h3bGKoxEoW6qbRsjhm6Q1MuAVRy6F0,SkFaI3hAZ3kpXUUwKiF2TTxlK0E
B36,C081,STS/MML/HLW,Dogbah Peter,Camera set-up,Yes,,Yes,,,,C081a,,,Secondary forest,The camera was set up about 5 meter away from a stream that enters Garlo River.,file:///data/user/0/com.luckydroid.droidbase/files/files/-1355676049/2025-11-12 09.39.48.jpg,file:///data/user/0/com.luckydroid.droidbase/files/files/-1355676049/2025-11-12 09.40.15.jpg,file:///data/user/0/com.luckydroid.droidbase/files/files/-1355676049/2025-11-12 09.45.13.jpg,11/12/2025,9:30:30 AM,"7.0594067,-10.2492083",2,https://drive.google.com/uc?id=1XYDoUyYAfYQBIP43h_pTnepzX3upt0iU,https://drive.google.com/uc?id=1-3ogkG4oYSg1DJgoPmac_ueWkxCMx2vw,https://drive.google.com/uc?id=1LnUOFamq5-dwI38_Cwhv1YiG0_Q5XoBB,PnBIPHN1VW93NTQqaml2bzV3Y0c
Site B34,C089,STS/MML/HLW,Dogbah Peter ,Camera set-up,Yes,,Yes,,,,C089a,,,Secondary forest,"The camera was set up about 206m away from the main point, about 5m away from a termite mount, and about 100m away from Raphia swamp.A bit open canopy and understory secondary.",file:///data/user/0/com.luckydroid.droidbase/files/files/-1355676049/2025-11-14 13.48.17.jpg,file:///data/user/0/com.luckydroid.droidbase/files/files/-1355676049/2025-11-14 13.48.37.jpg,file:///data/user/0/com.luckydroid.droidbase/files/files/-1355676049/2025-11-14 13.54.41.jpg,11/14/2025,1:46:30 PM,"7.074695,-10.2228833",3,https://drive.google.com/uc?id=1HE7mdYnSLx34dC12vv7920f_eNSK-XSd,https://drive.google.com/uc?id=1ISN1ngUPn_UcX0iqTOIGKEL5O1trHLYI,https://drive.google.com/uc?id=118eMG0frgMfZiaVNg4glYdsmnhlVZdt1,IVM3KXVUW3pGci1qbGtqR1BoMTw
Site B35,C133,STS/MML/HLW,Dogbah Peter ,Camera set-up,Yes,,Yes,,,,"
C133a",,,Secondary forest,The camera was set up about 100m away from the main point in a old secondary forest with thick understory.,file:///data/user/0/com.luckydroid.droidbase/files/files/-1355676049/2025-11-14 16.42.59.jpg,file:///data/user/0/com.luckydroid.droidbase/files/files/-1355676049/2025-11-14 16.43.21.jpg,file:///data/user/0/com.luckydroid.droidbase/files/files/-1355676049/2025-11-14 16.48.28.jpg,11/14/2025,4:41:30 PM,"7.07239,-10.208555",4,https://drive.google.com/uc?id=1XOz71SvnocqwVyJN1QyYY9hJArbAQfdP,https://drive.google.com/uc?id=1S51kH9g3UqDEIZmTLHjQh51xlgZpluwO,https://drive.google.com/uc?id=11nDJbZkW3o3i5gwmdkpm_fIYo1Hicc8Q,IUhdUj56WiltXSUtK08pRmRANG4
Site B44_1,C068,STS/MML/HLW/ASN,Charles Gortor,Camera set-up,Yes,,Yes,,,,C068a,,,"Primary forest, High primary wet",The camera was set up about 748m away from the main point in a suitable habitat for Chimps with old foot print 5 m away.,file:///data/user/0/com.luckydroid.droidbase/files/files/-1355676049/2025-11-15 14.11.32.jpg,file:///data/user/0/com.luckydroid.droidbase/files/files/-1355676049/2025-11-15 14.12.14.jpg,file:///data/user/0/com.luckydroid.droidbase/files/files/-1355676049/2025-11-15 14.19.03.jpg,11/15/2025,2:09:30 PM,"7.0288483,-10.213825",5,https://drive.google.com/uc?id=1BsN887x_tJfegKZrq3NEEobii2cWWOkK,https://drive.google.com/uc?id=1_jtx0HfdBjsoILsbRLQ9_qLfjFeG0LtX,https://drive.google.com/uc?id=1inS_5tz0kRRwYKktbUrVNvdQupAMJI2_,UDszSmxbJm9XI09MeWU2TGRab0U
Site B44,S16,STS/MML/HLW/ASN,Charles Gortor ,Song meter set-up,Yes,Yes,,,,,S16a,,,"Primary forest, Hillside, High primary with understory ",The Song meter was set up about 15m away from a swamp ( a good habitat for Chimps),file:///data/user/0/com.luckydroid.droidbase/files/files/-1355676049/2025-11-15 15.52.21.jpg,file:///data/user/0/com.luckydroid.droidbase/files/files/-1355676049/2025-11-15 15.52.56.jpg,file:///data/user/0/com.luckydroid.droidbase/files/files/-1355676049/2025-11-15 15.54.08.jpg,11/15/2025,3:48:30 PM,"7.0306367,-10.21014",6,https://drive.google.com/uc?id=1noD4FuqSsGRIxGZ50lysltj69R2HTZ5U,https://drive.google.com/uc?id=1Bl1p7GyASqSQh3Ntr-r7PKP9Na4FZp7n,https://drive.google.com/uc?id=10SJL0aGduqi7V-8MmxCXzoZQlefeemY4,UlglQlEtKk9BWmhnZVo8RDRNJUU
Site B44_2,C088,STS/MML/HLW/ASN,Charles Gortor ,Camera set-up,Yes,,Yes,,,,C088a,,,"Primary forest, Hillside, High primary with understory ",The camera was set up about 71m away from the Song meter on a hill top in a suitable habitat for Chimps,file:///data/user/0/com.luckydroid.droidbase/files/files/-1355676049/2025-11-15 16.07.04.jpg,file:///data/user/0/com.luckydroid.droidbase/files/files/-1355676049/2025-11-15 16.07.30.jpg,file:///data/user/0/com.luckydroid.droidbase/files/files/-1355676049/2025-11-15 16.15.35.jpg,11/15/2025,4:03:30 PM,"7.030115,-10.2105",7,https://drive.google.com/uc?id=1Ch4gUCxPgleLYjIJ0yrYnJjefwCCR9jA,https://drive.google.com/uc?id=1476KXFAYI9F2OtGhD7IM61GuKfGumyt_,https://drive.google.com/uc?id=1esry2_t2SsRUQephTfT1hIaQi6Fd4hdj,KylnQlljaktnWHAtVng5MWglRDg
Site B51_1,C064,STS/MML/HLW/ASN,Dogbah Peter & Forkpah Kelime,Camera set-up,Yes,,Yes,,,,C064a,,,"Primary forest, Hillside, High primary with understory ",The camera was set up on a slope near a wildnut & bush cherry trees,file:///data/user/0/com.luckydroid.droidbase/files/files/-1355676049/2025-11-16 10.11.18.jpg,file:///data/user/0/com.luckydroid.droidbase/files/files/-1355676049/2025-11-16 10.11.58.jpg,file:///data/user/0/com.luckydroid.droidbase/files/files/-1355676049/2025-11-16 10.13.53.jpg,11/16/2025,10:04:30 AM,"7.0209668,-10.2163203",8,https://drive.google.com/uc?id=1VLKDZIM2QQh2Z9biFrtKzQhJtrts1dMv,https://drive.google.com/uc?id=15NHBEmNqBxU6__IbllmkaQHdCN_2HaN_,https://drive.google.com/uc?id=1anjMudiiH7FWEyV7MpJAQobLDGmKn8sy,RjZqd0BaW1NvKHJxZldATi02eHg
Site B51_2,C146,STS/MML/HLW/ASN,Dogbah Peter & Forkpah Kelime ,Camera set-up,Yes,,Yes,,,,C0146a,,,"Primary forest, High primary with understory ",the camera was set up on a hill top in suitable Chimps habitat.,file:///data/user/0/com.luckydroid.droidbase/files/files/-1355676049/2025-11-16 11.23.10.jpg,file:///data/user/0/com.luckydroid.droidbase/files/files/-1355676049/2025-11-16 11.23.40.jpg,file:///data/user/0/com.luckydroid.droidbase/files/files/-1355676049/2025-11-16 11.29.59.jpg,11/16/2025,11:19:30 AM,"7.0178983,-10.2176733",9,https://drive.google.com/uc?id=1juTSVXGvNn6kuMfkxwFWN9jNM9RcRpwu,https://drive.google.com/uc?id=1smLBZ3WLvaDSeU-sx-tu6hR9mPrpvgzG,https://drive.google.com/uc?id=1614Up0uJE5McfcL-5Gr9XeaEarP_XOEe,U11TbmhRPipRNGt2NiFuejwleg
Site_B52_1,C130,STS/MML/HLW/ASN,Dogbah Peter & Forkpah Kelime ,Camera set-up,Yes,,Yes,,,,C130a,,,"Primary forest, High primary with understory ",The Camera was set up along an animal or possible Chimps trail in a suitable habitat,file:///data/user/0/com.luckydroid.droidbase/files/files/-1355676049/2025-11-16 12.41.37.jpg,file:///data/user/0/com.luckydroid.droidbase/files/files/-1355676049/2025-11-16 12.41.59.jpg,file:///data/user/0/com.luckydroid.droidbase/files/files/-1355676049/2025-11-16 12.44.31.jpg,11/16/2025,12:34:30 PM,"7.014175,-10.2126433",10,https://drive.google.com/uc?id=1yWVINjCdcEMk0eWCH66vtO-kIim0bttc,https://drive.google.com/uc?id=1svpRwCnt1WgnjfhjnFOB8tY3THEFOEFe,https://drive.google.com/uc?id=1eBeubMDLfy_zdAcWCVQcjgUvquGOPFq1,Q11ZSXghSmhtOENDKDcralRVcEg
Site_B52_2,C087,STS/MML/HLW/ASN,Dogbah Peter and Forkpah Kelime ,Camera set-up,Yes,,Yes,,,,C087a,,,"Primary forest, High primary with understory ",The camera was set up about 160m away from Chimps nest ,file:///data/user/0/com.luckydroid.droidbase/files/files/-1355676049/2025-11-16 13.44.48.jpg,file:///data/user/0/com.luckydroid.droidbase/files/files/-1355676049/2025-11-16 13.45.43.jpg,file:///data/user/0/com.luckydroid.droidbase/files/files/-1355676049/2025-11-16 13.48.33.jpg,11/16/2025,1:40:30 PM,"7.0167067,-10.2108367",11,https://drive.google.com/uc?id=1v8m_gQB6VKlUJ-YEbWuW1LQUocg1n5qP,https://drive.google.com/uc?id=1K05wsqk4mwpmCvkRCXOW_e8-xpwOZmHC,https://drive.google.com/uc?id=1Q8HvlKa-XbiQ20pbLuIu04UO-599FaHe,TE9PdEgmayFTUVFnW3ZGYyoqT3U
Site B52,S27,STS/MML/HLW/ASN,Dogbah Peter & Forkpah Kelime ,Song meter set-up,Yes,Yes,,,,,S27a,,,"Primary forest, Swamp, High primary with understory , High primary wet",The Song meter was set up about 3m away from the chimp food print ,file:///data/user/0/com.luckydroid.droidbase/files/files/-1355676049/2025-11-16 14.19.47.jpg,file:///data/user/0/com.luckydroid.droidbase/files/files/-1355676049/2025-11-16 14.20.02.jpg,file:///data/user/0/com.luckydroid.droidbase/files/files/-1355676049/2025-11-16 14.21.25.jpg,11/16/2025,2:17:30 PM,"7.0184117,-10.2103367",12,https://drive.google.com/uc?id=1jpz7vAg5YXgWaQmezpGrw0ck9EzOe6g_,https://drive.google.com/uc?id=1S9gjsknEkTHLqexTQ4rVvrohEf2X7lFP,https://drive.google.com/uc?id=14dBE17ReioYl3pQ1upo_PesV0hzPijR2,UVFoU1R6ZCEydEFSbEBdLSZMZiM
Site B52_3,C048,STS/MML/HLW/ASN,Dogbah Peter & Forkpah Kelime ,Camera set-up,Yes,,Yes,,,,C048a,,,"Primary forest, High primary with understory ","The camera was set up about 64m away from the main point, near a fruiting Parinari Excelsa tree with fresh nests",file:///data/user/0/com.luckydroid.droidbase/files/files/-1355676049/2025-11-16 15.17.24.jpg,file:///data/user/0/com.luckydroid.droidbase/files/files/-1355676049/2025-11-16 15.17.45.jpg,file:///data/user/0/com.luckydroid.droidbase/files/files/-1355676049/2025-11-16 15.21.14.jpg,11/16/2025,3:13:30 PM,"7.0196367,-10.20828",13,https://drive.google.com/uc?id=1a-5UZzCZCrdn_DfMfgWZ0-S4CyE1Kw3j,https://drive.google.com/uc?id=13StlH1vxRHW9IHhYTe70WvJacswjM4FD,https://drive.google.com/uc?id=1jpsPZTDS857VI7NmeFvYjjpOJRtpp51G,SGhjOlhCOT5dcjVGRipack9YKUk
Site B45,C053,STS/MML/HLW/ASN,Dogbah Peter and Samuel Fahn,Camera set-up,Yes,,Yes,,,,C053a,,,"Primary forest, High primary with understory ",The camera was set up about 3m away from a bush cherry tree.,file:///data/user/0/com.luckydroid.droidbase/files/files/-1355676049/2025-11-17 11.35.57.jpg,file:///data/user/0/com.luckydroid.droidbase/files/files/-1355676049/2025-11-17 11.36.30.jpg,file:///data/user/0/com.luckydroid.droidbase/files/files/-1355676049/2025-11-17 11.38.33.jpg,11/17/2025,11:33:30 AM,"7.0333958,-10.1976438",14,https://drive.google.com/uc?id=1mD_MPhnabKMJqc619aIyN_iJVgEnpttG,https://drive.google.com/uc?id=1G1gKClqbKPA1myk1K20W91N1NvvfQjt_,https://drive.google.com/uc?id=1Olttk0T6iWvQ7qpK5cpbIQ0C20aPz106,V0pXMjY3a0xtZFJ2VDtFVFhicHg
Site B53_1,C060,STS/MML/HLW/ASN,Dogbah Peter & Samuel Fahn ,Camera set-up,Yes,,Yes,,,,C060a,,,"Primary forest, Hillside, High primary with understory ",The camera was set up on a slope about 700m away from the main point and 10m away from a Dahoma tree,file:///data/user/0/com.luckydroid.droidbase/files/files/-1355676049/2025-11-17 13.25.49.jpg,file:///data/user/0/com.luckydroid.droidbase/files/files/-1355676049/2025-11-17 13.26.19.jpg,file:///data/user/0/com.luckydroid.droidbase/files/files/-1355676049/2025-11-17 13.26.32.jpg,11/17/2025,1:23:30 PM,"7.0249051,-10.19708",15,https://drive.google.com/uc?id=1R-VBKTJP223emBmh3RzAT5gm9YcdPoT3,https://drive.google.com/uc?id=1NWAMyF1M9Ozbo-QfARqdciUbxx2r8xTt,https://drive.google.com/uc?id=1lZ9PTbU7mPA0JwsLJD5di_Lzcn2eklz8,PjA2Y0MpVyF4THNZPFZrPl1sUlU
Site B53_2,C059,STS/MML/HLW/ASN,Dogbah Peter & Samuel Fahn ,Camera set-up,Yes,,Yes,,,,C059a,,,"Primary forest, High primary with understory ",The camera was set up on a hill top near a Dahoma tree.,file:///data/user/0/com.luckydroid.droidbase/files/files/-1355676049/2025-11-17 14.57.53.jpg,file:///data/user/0/com.luckydroid.droidbase/files/files/-1355676049/2025-11-17 14.58.20.jpg,file:///data/user/0/com.luckydroid.droidbase/files/files/-1355676049/2025-11-17 15.00.19.jpg,11/17/2025,2:56:30 PM,"7.0180683,-10.1979882",16,https://drive.google.com/uc?id=11yI4QpD708VsOyuofHub9jyuOZKUIEhF,https://drive.google.com/uc?id=1N3ZQv3-GVJbwsxaBVLvOsQJn6_LEIMXx,https://drive.google.com/uc?id=1XfXg0zYLN6cwnd6yuuT9qUoI68z3veP5,JmZhTjJlKWwzME1nb2FMNkBTYWk
Site B47,C054,STS/MML/HLW/ASN,Dogbah Peter ,Camera set-up,Yes,,Yes,,,,C054a,,,"Primary forest, Hillside, Low primary dry with understory",The camera was set up in a low primary forest with an open canopy about 450m away from the main point. ,file:///data/user/0/com.luckydroid.droidbase/files/files/-1355676049/2025-11-18 10.15.51.jpg,file:///data/user/0/com.luckydroid.droidbase/files/files/-1355676049/2025-11-18 10.16.49.jpg,file:///data/user/0/com.luckydroid.droidbase/files/files/-1355676049/2025-11-18 10.18.45.jpg,11/18/2025,10:12:30 AM,"7.0290166,-10.2379399",17,https://drive.google.com/uc?id=15KqlzZW5Lwx5kDxRmdnBke7YpUTGmgHz,https://drive.google.com/uc?id=1GJYsadi8UIhvzrcP0WOH9bS20Ab_JQaA,https://drive.google.com/uc?id=1IBEenBHOv6xWhXtFoml0mg2bqB96wONg,VVNzSDJvZHU3N3NNW1E3R1hOKlk
Site B50_3,C061,STS/MML,Dogbah Peter ,Camera set-up,Yes,,Yes,,,,C061a,,,"Primary forest, Low primary dry with understory",The camera was set up about 600m away from the main point and about 3m away from a red river hog Foot print ,file:///data/user/0/com.luckydroid.droidbase/files/files/-1355676049/2025-11-18 11.08.36.jpg,file:///data/user/0/com.luckydroid.droidbase/files/files/-1355676049/2025-11-18 11.08.56.jpg,file:///data/user/0/com.luckydroid.droidbase/files/files/-1355676049/2025-11-18 11.09.14.jpg,11/18/2025,11:05:30 AM,"7.02385,-10.2373167",18,https://drive.google.com/uc?id=1xIT7-70hu0vXW2Ftwmf04QdOaK7HwC7u,https://drive.google.com/uc?id=1ZtcZKBEOzbD3KefkeTnMo4Dy0WiGgaYY,https://drive.google.com/uc?id=1Y2u_cW20RiRRnY4KJK1uDLQ4w9Nmh2Vq,UypORjlxQnFhIzJLak1XVlh5SmM
Site B50_4,C084,STS/MML/HLW/ASN,Dogbah Peter ,Camera set-up,Yes,,Yes,,,,C084a,,,"Primary forest, Hillside, High primary with understory ",The camera was set up on a slope about 78m away from the main point.,file:///data/user/0/com.luckydroid.droidbase/files/files/-1355676049/2025-11-18 12.15.02.jpg,file:///data/user/0/com.luckydroid.droidbase/files/files/-1355676049/2025-11-18 12.15.15.jpg,file:///data/user/0/com.luckydroid.droidbase/files/files/-1355676049/2025-11-18 12.17.05.jpg,11/18/2025,12:13:30 PM,"7.0194467,-10.2354068",19,https://drive.google.com/uc?id=1NXHyHWjNOWoTwI5PQgR0M-fduYwQF5KH,https://drive.google.com/uc?id=1K-_nlfyE8bT7qhvD-zBILfGzRkKvNiuZ,https://drive.google.com/uc?id=1is2kIFZ8x203OnPU6h7L8_rty3DuLFMH,THdEVGk0a1dJPktiI3djVmxvZEc
Site B49_4,C085,STS/MML/HLW/ASN,Dogbah Peter ,Camera set-up,Yes,,Yes,,,,C049a,,,"Primary forest, High primary with understory ",The camera was set up near a fruiting tree in a primary forest dominated by Red river hog foot print,file:///data/user/0/com.luckydroid.droidbase/files/files/-1355676049/2025-11-18 14.21.16.jpg,file:///data/user/0/com.luckydroid.droidbase/files/files/-1355676049/2025-11-18 14.21.28.jpg,file:///data/user/0/com.luckydroid.droidbase/files/files/-1355676049/2025-11-18 14.21.57.jpg,11/18/2025,2:18:30 PM,"7.019525,-10.2484483",20,https://drive.google.com/uc?id=1HyNGGYJeN4QO4n6CyC3b5QPRoaznlS-x,https://drive.google.com/uc?id=1fCqfcI8BelUjbvCfF4ZL_k08MvcwgYNF,https://drive.google.com/uc?id=1TXCKdlIanZV7qoZGvoHIR3X2bJ8pxolt,LWtaMDc-QjxrU2QtQzFPKVprMW0
Site B46,C050,STS/MML,Dogbah Peter ,Camera set-up,Yes,,Yes,,,,C050a,,,"Primary forest, High primary with understory , High primary wet",The camera was set up about 160m away from the main point and about 15m away from a swamp.,file:///data/user/0/com.luckydroid.droidbase/files/files/-1355676049/2025-11-18 18.03.08.jpg,file:///data/user/0/com.luckydroid.droidbase/files/files/-1355676049/2025-11-18 18.03.44.jpg,file:///data/user/0/com.luckydroid.droidbase/files/files/-1355676049/2025-11-18 18.03.56.jpg,11/18/2025,6:00:30 PM,"7.0312521,-10.2494072",21,https://drive.google.com/uc?id=1ln7KN1b3ohJlcvD4sXyvzzjx1myYU7sG,https://drive.google.com/uc?id=1ssnLrQTH1Jv9zun3CUdrPn_tWklxeEd3,https://drive.google.com/uc?id=1EgIuooPVmsIe6xz_C6SwKCVN-P8tJvyW,ITNFISluVWJQZE84OXJLUVhFejo
Site B14,C082,STS/MML,Sumo Gardie ,Camera set-up,Yes,,Yes,,,,C082a,,,"Primary forest, Hillside, High primary no understory","The camera was set up on a slope, about 429m away from the main point, and approximately10m away from a swamp near a UPACA Guineases tree. ",file:///data/user/0/com.luckydroid.droidbase/files/files/-1355676049/2025-11-21 10.53.32.jpg,file:///data/user/0/com.luckydroid.droidbase/files/files/-1355676049/2025-11-21 10.53.53.jpg,file:///data/user/0/com.luckydroid.droidbase/files/files/-1355676049/2025-11-21 10.56.38.jpg,11/21/2025,10:51:30 AM,"7.1168733,-10.2878233",22,https://drive.google.com/uc?id=1SIhw56RU-y5XrzdclzfSzplNz09Gr7o7,https://drive.google.com/uc?id=1psGaZNbqHaudU3VeiqTTFGMJyr7CDsur,https://drive.google.com/uc?id=1QgsDk-v1RWA7Kr95EGol3c5YY4SmkmmV,VClPcWlFcm5OKkpYdlRtLXVxKGo
Site B08_1,C056,STS/MML,Sumo Gaidia,Camera set-up,Yes,,Yes,,,,C056a,,,"Primary forest, High primary with understory ",The camera was set up on a hill top in a primary forest about 140m away from the main point. ,file:///data/user/0/com.luckydroid.droidbase/files/files/-1355676049/2025-11-21 12.24.57.jpg,file:///data/user/0/com.luckydroid.droidbase/files/files/-1355676049/2025-11-21 12.27.20.jpg,file:///data/user/0/com.luckydroid.droidbase/files/files/-1355676049/2025-11-21 12.27.47.jpg,11/21/2025,12:24:30 PM,"7.12658,-10.289435",23,https://drive.google.com/uc?id=1JiaJa36jX4MA5aE0nyevP2wod_hMpPrp,https://drive.google.com/uc?id=1f1gymavIcKLzjX016ux3hFj9k9RiX7sR,https://drive.google.com/uc?id=1AQDZyV_NwyInbFogmiCrequscW_bOkL8,PFtKUnBxbmZxMDJbNz4lcypWJjg
Site B08_2,C079,STS/MML,Sumo Gardia ,Camera set-up,Yes,,Yes,,,,C079a,,,"Primary forest, High primary with understory ","The camera was set up in a high primary forest about 385m away from Camera_1, near a fruiting tree. ",file:///data/user/0/com.luckydroid.droidbase/files/files/-1355676049/2025-11-21 13.35.32.jpg,file:///data/user/0/com.luckydroid.droidbase/files/files/-1355676049/2025-11-21 13.36.09.jpg,file:///data/user/0/com.luckydroid.droidbase/files/files/-1355676049/2025-11-21 13.40.12.jpg,11/21/2025,1:34:30 PM,"7.1264973,-10.2856844",24,https://drive.google.com/uc?id=1O-3kYNjm33x--_E0qghqufMcE__6M7_8,https://drive.google.com/uc?id=1aCEUseG3CiNUzH-098BzLWN180AGpvUq,https://drive.google.com/uc?id=15qjiH09FzB6ZEHnLEmT5dvTl_7zHw_-T,Ki1bKiUqQERSPG5jOEN3cFRVeng
Site B09,C047,STS/MML,Sumo Gaidia ,Camera set-up,Yes,,Yes,,,,C047a,,,"Primary forest, High primary with understory ",The camera was set up in a high primary forest about 300m away from the main point ,file:///data/user/0/com.luckydroid.droidbase/files/files/-1355676049/2025-11-21 14.53.17.jpg,file:///data/user/0/com.luckydroid.droidbase/files/files/-1355676049/2025-11-21 14.54.12.jpg,file:///data/user/0/com.luckydroid.droidbase/files/files/-1355676049/2025-11-21 14.56.27.jpg,11/21/2025,2:52:30 PM,"7.1262633,-10.27946",25,https://drive.google.com/uc?id=1GXTKvPLKTI0NnbSXGMKCFyxwiqxS4BqA,https://drive.google.com/uc?id=1qsxdVEHILgDDT2zO-twXJ1uoUMlGq_RK,https://drive.google.com/uc?id=1ZsBdWF16j2OgB8ams9quZCrh3d0pij7-,Til1V295RzQ3LXc7QWJXMFE3OVA
Site B09,S38,STS/MML,Sumo Gardia ,Song meter set-up,Yes,Yes,,,,,S38a,,,"Primary forest, High primary no understory","The song meter was set up in a high primary forest right above camera C047, on the same tree.",file:///data/user/0/com.luckydroid.droidbase/files/files/-1355676049/2025-11-21 15.03.17.jpg,file:///data/user/0/com.luckydroid.droidbase/files/files/-1355676049/2025-11-21 15.03.39.jpg,file:///data/user/0/com.luckydroid.droidbase/files/files/-1355676049/2025-11-21 15.07.34.jpg,11/21/2025,3:02:30 PM,"7.1264017,-10.2792",26,https://drive.google.com/uc?id=1IqajQFRt9YC4xoqqqZmIUyFGVho1dixb,https://drive.google.com/uc?id=10NvKCXXwCgn6B-QcZKkj1mEYBYBY73E4,https://drive.google.com/uc?id=1I-eIg_XCr6awxTiepZLt5otCDJOeCSoV,ITtOPktITzZSPCFQT3hAOlhKenE
Site B16,C083,STS/MML/HLW/ASN,Sumo Gaidia ,Camera set-up,Yes,,Yes,,,,C083a,,,"Primary forest, High primary with understory ","The camera was set up about 417m away from the main point, near a fruiting Parinari Excelsa tree ",file:///data/user/0/com.luckydroid.droidbase/files/files/-1355676049/2025-11-22 13.35.06.jpg,file:///data/user/0/com.luckydroid.droidbase/files/files/-1355676049/2025-11-22 13.35.46.jpg,file:///data/user/0/com.luckydroid.droidbase/files/files/-1355676049/2025-11-22 13.36.10.jpg,11/22/2025,1:33:30 PM,"7.1140083,-10.2658017",27,https://drive.google.com/uc?id=13kWIqEY9OyjUV8nVo5Tubp0ir1wc-BKg,https://drive.google.com/uc?id=1auP9DLjaHal0beKdUWy0s73dZ34jE6TW,https://drive.google.com/uc?id=1aakLL12zTi5LWm4bI3comZs4FgAAG9SC,TnF4ZCFpYk85OEpLNF1pOSZqM1Y
Site B16,S28,STS/MML/HLW/ASN,Sumo Gardia ,Song meter set-up,Yes,Yes,,,,,S28a,,,"Primary forest, High primary with understory ","The song meter was set up on a hill top about 280m away from camera C083, near a Dahoma tree ",file:///data/user/0/com.luckydroid.droidbase/files/files/-1355676049/2025-11-22 14.13.12.jpg,file:///data/user/0/com.luckydroid.droidbase/files/files/-1355676049/2025-11-22 14.13.44.jpg,file:///data/user/0/com.luckydroid.droidbase/files/files/-1355676049/2025-11-22 14.16.38.jpg,11/22/2025,2:10:30 PM,"7.1160284,-10.2661364",28,https://drive.google.com/uc?id=1a3wRk2KVcYJBRqsmHjMcvENRWUwE0uZF,https://drive.google.com/uc?id=1FvB78EogJeSbmRbhlMXgLRh94gbh_Gb_,https://drive.google.com/uc?id=1EYFExtEc2H21L4sHgWEJGUvg76YQLVfi,WkBNYTFCUj5saz5EKigtM2M0aGk
Site B10,C134,STS/MML/HLW/ASN,Sumo Gardia ,Camera set-up,Yes,,Yes,,,,C134a,,,"Primary forest, High primary with understory ",The camera was set up on a hill top ,file:///data/user/0/com.luckydroid.droidbase/files/files/-1355676049/2025-11-22 15.31.43.jpg,file:///data/user/0/com.luckydroid.droidbase/files/files/-1355676049/2025-11-22 15.31.59.jpg,file:///data/user/0/com.luckydroid.droidbase/files/files/-1355676049/2025-11-22 15.33.30.jpg,11/22/2025,3:30:30 PM,"7.1252958,-10.2636387",29,https://drive.google.com/uc?id=1xYqJO1lm7ENY7uIB1qp_VRX-rlUOhxVZ,https://drive.google.com/uc?id=1dbhvzUxdWFHmN-3rQrxf98gfVG9jiIkt,https://drive.google.com/uc?id=1IB-LYTtLMlWcrcm-OlEcBTjaNz9ESkCy,VzkwZ2dhVXRTYlQ2cWJpRUxTJWk
Site B11,C066,STS/MML/HLW/ASN,Richard Kolubah ,Camera set-up,Yes,,Yes,,,,C066a,,,"Primary forest, Hillside, High primary with understory ",The camera was set up about 70m away from a swamp on a slope.,file:///data/user/0/com.luckydroid.droidbase/files/files/-1355676049/2025-11-24 13.14.07.jpg,file:///data/user/0/com.luckydroid.droidbase/files/files/-1355676049/2025-11-24 13.14.30.jpg,file:///data/user/0/com.luckydroid.droidbase/files/files/-1355676049/2025-11-24 13.15.56.jpg,11/24/2025,1:12:30 PM,"7.1244964,-10.2461332",30,https://drive.google.com/uc?id=16E_UPcC618qHlte7mip7R4jtU4Bokwxr,https://drive.google.com/uc?id=1DKkTT9CO0t9ymbXE7RuAs4FIl-vpfVYG,https://drive.google.com/uc?id=1Vbq_9BBXS4NEKhEapV2PaYWsZSPc3snW,WGtSMEFzS3hqSk4qSSstQj5RZXA
Site B17,C077,STS/MML/HLW/ASN,Richard Kolubah ,Camera set-up,Yes,,Yes,,,,C077a,,,"Primary forest, Hillside, High primary with understory ",The camera was set up on a slope near a fruiting wildnut tree about 640m away from the main point ,file:///data/user/0/com.luckydroid.droidbase/files/files/-1355676049/2025-11-24 14.14.17.jpg,file:///data/user/0/com.luckydroid.droidbase/files/files/-1355676049/2025-11-24 14.14.38.jpg,file:///data/user/0/com.luckydroid.droidbase/files/files/-1355676049/2025-11-24 14.14.52.jpg,11/24/2025,2:11:30 PM,"7.1198433,-10.247055",31,https://drive.google.com/uc?id=1J9qxyDNXw8QrABrsXr-slz8Uexb7y4hS,https://drive.google.com/uc?id=1IMw-EIxwvQSUCoVwnWLoUA1ZwQM3thId,https://drive.google.com/uc?id=1vpqixcBiRSM6WW4limw4Eog44m3lZQ6q,T3dONSFzY21WM2orakJqaGxJODw
Site B17,S33,STS/MML/HLW/ASN,Richard Kolubah ,Song meter set-up,Yes,Yes,,,,,S33a,,,"Primary forest, Hillside, High primary with understory ","The Song meter was set up on a slope right above camera C077, on the same tree",file:///data/user/0/com.luckydroid.droidbase/files/files/-1355676049/2025-11-24 14.22.02.jpg,file:///data/user/0/com.luckydroid.droidbase/files/files/-1355676049/2025-11-24 14.22.33.jpg,file:///data/user/0/com.luckydroid.droidbase/files/files/-1355676049/2025-11-24 14.24.52.jpg,11/24/2025,2:19:30 PM,"7.1197982,-10.2470201",32,https://drive.google.com/uc?id=15kev-1TlrMlHS_k0tWi8qE3cK1j1qnzN,https://drive.google.com/uc?id=1-y8cIOKEbSZK5CIMamAkfyvSV0_PnvGq,https://drive.google.com/uc?id=1L7Xoxrrz9zwdB-UIsHAMDMy-AoATnTzN,IXJUO3hHUkRXWSg8ZFM6dl1iTlQ
Site B25,C076,STS/MML/HLW/ASN,Sumo Gardia ,Camera set-up,Yes,,Yes,,,,C076a,,,"Primary forest, High primary with understory ","The camera was set up on a Funtumia Elastica tree, about 570m away from the main point ",file:///data/user/0/com.luckydroid.droidbase/files/files/-1355676049/2025-11-26 13.38.03.jpg,file:///data/user/0/com.luckydroid.droidbase/files/files/-1355676049/2025-11-26 13.38.17.jpg,file:///data/user/0/com.luckydroid.droidbase/files/files/-1355676049/2025-11-26 13.39.53.jpg,11/26/2025,1:34:30 PM,"7.0952353,-10.2117008",33,https://drive.google.com/uc?id=1NjFLN7QAjc7WqqYUrZvztn3pCKUjfSEJ,https://drive.google.com/uc?id=14De8T4UgLewU36mZ_QaUhT0hOrz9b01j,https://drive.google.com/uc?id=18Oe9Bruom3rx-LptBaI_uhoqd9dt3J0T,Wi1LUDBlMU1yK1crV0QmTVh1aEE
Site B59_1,C052,STS/MML/HLW/ASN,William Sumo ,Camera set-up,Yes,,Yes,,,,C052a,,,"Primary forest, Hillside, High primary with understory ",The camera was set up on a slope near a termite mount ,file:///data/user/0/com.luckydroid.droidbase/files/files/-1355676049/2025-11-27 11.50.29.jpg,file:///data/user/0/com.luckydroid.droidbase/files/files/-1355676049/2025-11-27 11.50.57.jpg,file:///data/user/0/com.luckydroid.droidbase/files/files/-1355676049/2025-11-27 11.52.26.jpg,11/27/2025,11:48:30 AM,"7.0083354,-10.1943064",34,https://drive.google.com/uc?id=1Dirudpp9J29cE5gkyULBRM6N-3so7S-Z,https://drive.google.com/uc?id=1OFMNVp7NUYbbGtplOXYcLOh1Hlzpi5Zh,https://drive.google.com/uc?id=1v06Ib8eLZ_DFQqeMLJdp-PW6-9OgnHtQ,IU9kQlg6UTlyR1JybnBhJXRyUzo
Site B59_2,C058,STS/MML/HLW/ASN,William Sumo ,Camera set-up,Yes,,Yes,,,,C058a,,,"Primary forest, High primary with understory ",The camera was set up about 351m away from camera C052 near a fruiting Parinari Excelsa tree.,file:///data/user/0/com.luckydroid.droidbase/files/files/-1355676049/2025-11-27 12.37.49.jpg,file:///data/user/0/com.luckydroid.droidbase/files/files/-1355676049/2025-11-27 12.38.05.jpg,file:///data/user/0/com.luckydroid.droidbase/files/files/-1355676049/2025-11-27 12.39.20.jpg,11/27/2025,12:34:30 PM,"7.010435,-10.19676",35,https://drive.google.com/uc?id=1XBSlSjGrmfkSNhQU8N017V0pMYWRtsnm,https://drive.google.com/uc?id=1lTnMSt4y9odmSqV9VvDUvixNzryCqVfM,https://drive.google.com/uc?id=1uBOMKtPbOZbIpT0X8717zIZHOKPVQtbl,QDlvcmRjYnFBW0tVYSFLcD5WcCo
Site B51_3,C073,STS/MML/HLW/ASN,Samuel Fahn ,Camera set-up,Yes,,Yes,,,,C073a,,,"Primary forest, Hillside, High primary with understory ",The camera was set up on a slope in the confines of Chimps nests.,file:///data/user/0/com.luckydroid.droidbase/files/files/-1355676049/2025-11-28 11.26.42.jpg,file:///data/user/0/com.luckydroid.droidbase/files/files/-1355676049/2025-11-28 11.28.05.jpg,file:///data/user/0/com.luckydroid.droidbase/files/files/-1355676049/2025-11-28 11.30.04.jpg,11/28/2025,11:24:30 AM,"7.0173767,-10.21594",36,https://drive.google.com/uc?id=1AADIgN9xv3i7aK3MeBQ_3WskJnC9jsv6,https://drive.google.com/uc?id=1fqNhwBVeWAzqDFZIJMLwPvWn069eMFTj,https://drive.google.com/uc?id=1zUvk_qHo-LbIXDHVgu-r5f0L1yfp4RSF,VzU3NEJqXUQ2REVXRWlQd284JXQ
Site B51,S24,STS/MML/HLW/ASN,Samuel Fahn ,Song meter set-up,Yes,Yes,,,,,S24a,,,"Primary forest, Hillside, High primary with understory ","The song meter was set up on a slope in the confines of Chimps nests right above Camera C073, on the same tree.",file:///data/user/0/com.luckydroid.droidbase/files/files/-1355676049/2025-11-28 11.34.01.jpg,file:///data/user/0/com.luckydroid.droidbase/files/files/-1355676049/2025-11-28 11.34.24.jpg,file:///data/user/0/com.luckydroid.droidbase/files/files/-1355676049/2025-11-28 11.34.39.jpg,11/28/2025,11:30:30 AM,"7.017475,-10.2158399",37,https://drive.google.com/uc?id=1zMpsMFFhB43jUpqfPgCS9fFs8g7U2XAP,https://drive.google.com/uc?id=1eVD5HndSpBrCHRRpvJfDhx_i8goFuEt7,https://drive.google.com/uc?id=1XwfuH3bHiMj8xbkFfc70XtdxrGlLI6VW,KkQ2JTxNOFlYWiYyZGUyK09zRVU
Site B52_4,C075,STS/MML/HLW/ASN,Samuel Fahn ,Camera set-up,Yes,,Yes,,,,C075a,,,"Primary forest, Hillside, High primary with understory ",The camera was set up on a slope ,file:///data/user/0/com.luckydroid.droidbase/files/files/-1355676049/2025-11-28 12.36.06.jpg,file:///data/user/0/com.luckydroid.droidbase/files/files/-1355676049/2025-11-28 12.36.50.jpg,file:///data/user/0/com.luckydroid.droidbase/files/files/-1355676049/2025-11-28 12.41.09.jpg,11/28/2025,12:33:30 PM,"7.0200367,-10.2125833",38,https://drive.google.com/uc?id=1qgduFR6dz7QOfp5nrqwJMPK5k918QFE1,https://drive.google.com/uc?id=1kP-aYf9V2mYcfFqpMFykLaVjYzmSBslj,https://drive.google.com/uc?id=1uYNSSo7tbntfA5WaZ-DbF1KiPFS3J2WA,QDRiLSNxdGVxQDdbODhya0xjMDk
Site B52_5,C074,STS/MML/HLW/ASN,Samuel Fahn ,Camera set-up,Yes,,Yes,,,,C074a,,,"Primary forest, Hillside, High primary with understory ",The camera was set up on a slope in a high primary forest ,file:///data/user/0/com.luckydroid.droidbase/files/files/-1355676049/2025-11-28 13.30.22.jpg,file:///data/user/0/com.luckydroid.droidbase/files/files/-1355676049/2025-11-28 13.30.40.jpg,file:///data/user/0/com.luckydroid.droidbase/files/files/-1355676049/2025-11-28 13.32.29.jpg,11/28/2025,1:25:30 PM,"7.0224783,-10.208505",39,https://drive.google.com/uc?id=1Of1ITDFTjzPmuIgf4PluthRqxhzvkdiU,https://drive.google.com/uc?id=1pwfnUW6JcuD6VKfpNNdDYj0MrT5CInmj,https://drive.google.com/uc?id=1U1ehrGivpGdO9AzEigsAYNp6a1uUCDMP,Jks2M21IbiliM0xAaGNDY0QjYVE
Site B45_2,C051,STS/MML/HLW/ASN,Samuel Fahn ,Camera set-up,Yes,,Yes,,,,C051a,,,"Primary forest, Hillside, High primary with understory ",The camera was set up on a slope ,file:///data/user/0/com.luckydroid.droidbase/files/files/-1355676049/2025-11-28 15.33.24.jpg,file:///data/user/0/com.luckydroid.droidbase/files/files/-1355676049/2025-11-28 15.33.43.jpg,file:///data/user/0/com.luckydroid.droidbase/files/files/-1355676049/2025-11-28 15.35.36.jpg,11/28/2025,3:31:30 PM,"7.0313067,-10.2000648",40,https://drive.google.com/uc?id=1IsnVRiKvrQLoym6PYiY8ZDETFDlnJDj4,https://drive.google.com/uc?id=1G_3TwNOgoBL-EzNpybQy2GK8CUgBLBkJ,https://drive.google.com/uc?id=1Eqfn5OKGpeYouqzIn96dsZlDBE-iSmSK,TlNDTyNBKUZoWmlabTIlRnB6dTQ
Site B45,S23,STS/MML/HLW/ASN,Samuel Fahn ,Song meter set-up,Yes,Yes,,,,,S23a,,,"Primary forest, Hillside, High primary with understory ",The song meter was set up about 5m away from Camera C051 on a slope ,file:///data/user/0/com.luckydroid.droidbase/files/files/-1355676049/2025-11-28 15.38.36.jpg,file:///data/user/0/com.luckydroid.droidbase/files/files/-1355676049/2025-11-28 15.38.51.jpg,file:///data/user/0/com.luckydroid.droidbase/files/files/-1355676049/2025-11-28 15.40.58.jpg,11/28/2025,3:36:30 PM,"7.031425,-10.1999333",41,https://drive.google.com/uc?id=1sUGNn-EZHR_YEQWYW6JCDHnvm4LzTnUp,https://drive.google.com/uc?id=1rv2CFmPW4xXp8bPdbr7RfyP11LoYkGI2,https://drive.google.com/uc?id=1CfVVX6dDV4gJHR9abyQjX6DVRapk21GK,U1tScjhATi0hUG07Jk42blc2I24
Site B44_3,C078,STS/MML/HLW/ASN,Samuel Fahn ,Camera set-up,Yes,,Yes,,,,C078a,,,"Primary forest, Hillside, High primary with understory ",The camera was set up on a slope about 368m away from the main point.,file:///data/user/0/com.luckydroid.droidbase/files/files/-1355676049/2025-11-28 16.37.58.jpg,file:///data/user/0/com.luckydroid.droidbase/files/files/-1355676049/2025-11-28 16.38.10.jpg,file:///data/user/0/com.luckydroid.droidbase/files/files/-1355676049/2025-11-28 16.41.13.jpg,11/28/2025,4:36:30 PM,"7.0293067,-10.207115",42,https://drive.google.com/uc?id=1CTbFnifbKX_0MV59SCWPBHZzjpg7eAqQ,https://drive.google.com/uc?id=1K6RKHea6JdCqzdTwlPBBZmMguFq9l2R6,https://drive.google.com/uc?id=1qvEIKNo7uCJgRQqDkjHLcq_-BuHwzbjq,WltRSW5QYVlLYnVWNHhlV2EobFM
Site B36 ,C081,STS/MML/HLW/ASN,Eric Flomo ,Camera status check,,,No,Yes,Low,Yes,C081b,,Yes,,"After removing the SD card and changing the battery, the camera screen refused to display and all the buttons stop functioning.",file:///data/user/0/com.luckydroid.droidbase/files/files/-1355676049/2026-01-08 17.32.32.jpg,file:///data/user/0/com.luckydroid.droidbase/files/files/-1355676049/2026-01-08 17.32.52.jpg,file:///data/user/0/com.luckydroid.droidbase/files/files/-1355676049/2026-01-08 17.33.54.jpg,1/8/2026,5:27:30 PM,"7.0593317,-10.2489967",43,https://drive.google.com/uc?id=1ZxOzkAPIwBgn2z9Oh4RaRRMuk4ZS88R8,https://drive.google.com/uc?id=1o_apyQNsbkc9KrxY54xXAjxCvOVt1Qgg,https://drive.google.com/uc?id=146SB8TKfqPAaJEsbaVm_fewLnFOh1xvr,R0ZvbE9wbiU6RGtieng1Nm4qbkw
Site B44_2,C088,STS/MML/HLW/ASN,Charles Gortor ,Camera status check,,,Yes,Yes,Low,Yes,C088b,,Yes,,The camera remains in the same position - on a slope ,file:///data/user/0/com.luckydroid.droidbase/files/files/-1355676049/2026-01-09 11.07.31.jpg,file:///data/user/0/com.luckydroid.droidbase/files/files/-1355676049/2026-01-09 11.08.00.jpg,file:///data/user/0/com.luckydroid.droidbase/files/files/-1355676049/2026-01-09 11.08.54.jpg,1/9/2026,11:04:30 AM,"7.0302783,-10.210375",44,https://drive.google.com/uc?id=1KO6G_1g2Kis7-eCP4NPL_DGp94DqOQ9l,https://drive.google.com/uc?id=1ZnzboTo36h7u4KHb8I-qWiTrLu1JiLUg,https://drive.google.com/uc?id=1ON0R6E7cHvBCXIATTewqLk6p4sQxdclm,WWExK10mRiY7MU93YWFIRjgqZDA
Site B44,S16,STS/MML/HLW/ASN,Charles Gortor ,Song meter status check,,Yes,,,Low,Yes,S16b,,Yes,,The song meter remains in the same position - one a slope near a swamp/stream.,file:///data/user/0/com.luckydroid.droidbase/files/files/-1355676049/2026-01-09 11.26.53.jpg,file:///data/user/0/com.luckydroid.droidbase/files/files/-1355676049/2026-01-09 11.27.22.jpg,file:///data/user/0/com.luckydroid.droidbase/files/files/-1355676049/2026-01-09 11.27.42.jpg,1/9/2026,11:24:30 AM,"7.0310718,-10.2099882",45,https://drive.google.com/uc?id=1iy6Y_4xtU20z06xQrcLF2Mlb6iJfo1yS,https://drive.google.com/uc?id=1zsxWZdk9mMM-WANy_lsBr50VepaSvjYp,https://drive.google.com/uc?id=1PPkhQIpbeVwTEUp00cerLN-YQo2kuHwN,T0p3S2hJNUomUWV1W0hkYSsocjQ
Site B44_1,C068,STS/MML/HLW/ASN,Charles Gortor ,Camera status check,,,No,Yes,Low,Yes,C068b,,Yes,,"The camera remains in the same position in a wet primary forest. After changing the SD card and battery, the camera refused to display. ",file:///data/user/0/com.luckydroid.droidbase/files/files/-1355676049/2026-01-09 12.10.24.jpg,file:///data/user/0/com.luckydroid.droidbase/files/files/-1355676049/2026-01-09 12.10.47.jpg,file:///data/user/0/com.luckydroid.droidbase/files/files/-1355676049/2026-01-09 12.12.50.jpg,1/9/2026,12:08:30 PM,"7.0292391,-10.2138651",46,https://drive.google.com/uc?id=13D1gBLmVGrxDp4udMzo8umg5zqAOCdip,https://drive.google.com/uc?id=1KdqP2jRtOXvkH7JzwTNPvCSOtS3jVWE7,https://drive.google.com/uc?id=1vRLgXJRsZOQnzxmaFZMH81v_Ff6DtsWE,Vmc-SjNWVT5USjU8KkVvWmgjSU0
Site B51_1,C064,STS/MML/HLW/ASN,Charles Gortor ,Camera status check,,,Yes,Yes,Low,Yes,C064b,,Yes,,The camera remains at the same location on a slope ,file:///data/user/0/com.luckydroid.droidbase/files/files/-1355676049/2026-01-10 10.22.28.jpg,file:///data/user/0/com.luckydroid.droidbase/files/files/-1355676049/2026-01-10 10.23.06.jpg,file:///data/user/0/com.luckydroid.droidbase/files/files/-1355676049/2026-01-10 10.23.44.jpg,1/10/2026,10:20:30 AM,"7.0208817,-10.21626",47,https://drive.google.com/uc?id=1A1nKHZTGBoJmDM62fSU9V7pXgZ0kl6vc,https://drive.google.com/uc?id=1_Q0wFSVn3PVwUsVSTPbukFOHPVpAW4dL,https://drive.google.com/uc?id=1nKRKCZl9txya0kJLTM7wUGsSGlg_hxYJ,QypvSCs2QDFZOipWcnhuTDBKclI
Site B51_2,C146,STS/MML/HLW/ASN,Charles Gortor ,Camera status check,,,Yes,Yes,Dead,Yes,C146b,,Yes,,The camera remains in the same position ,file:///data/user/0/com.luckydroid.droidbase/files/files/-1355676049/2026-01-10 10.56.10.jpg,file:///data/user/0/com.luckydroid.droidbase/files/files/-1355676049/2026-01-10 10.56.34.jpg,file:///data/user/0/com.luckydroid.droidbase/files/files/-1355676049/2026-01-10 11.00.59.jpg,1/10/2026,10:53:30 AM,"7.0182149,-10.2173983",48,https://drive.google.com/uc?id=1vsOQEG4uqFS16-SI441URhBv3wKKDIZh,https://drive.google.com/uc?id=1Od_60lQunZyxUPpsrk1T33DA2DNsKmfi,https://drive.google.com/uc?id=1bcaHZIHSPSEr5xIy3cUKUnLjjISvCKfT,VWlkUDkhNktyM0xYN1hhTnBybjU
Site B52_1,C130,STS/MML/HLW/ASN,Charles Gortor ,Camera status check,,,Yes,Yes,Low,Yes,C130b,,Yes,,The camera remains at the same location.,file:///data/user/0/com.luckydroid.droidbase/files/files/-1355676049/2026-01-10 11.49.04.jpg,file:///data/user/0/com.luckydroid.droidbase/files/files/-1355676049/2026-01-10 11.49.22.jpg,file:///data/user/0/com.luckydroid.droidbase/files/files/-1355676049/2026-01-10 11.56.27.jpg,1/10/2026,11:44:30 AM,"7.0141983,-10.2125517",49,https://drive.google.com/uc?id=15k3DmkXbB_L7XwQ_QW7MRSh6duHOZ2DE,https://drive.google.com/uc?id=1EEXtVs3o9g2O48FpGoEa8tyH9q96Fr0z,https://drive.google.com/uc?id=1bR1OG9_CpQB2sGkBCUv3A4fOsxpE_onA,VCppWj5tQ3dYQj5dV1B1Jk0waGU
Site B52_2,C087,STS/MML/HLW/ASN,Charles Gortor ,Camera status check,,,Yes,Yes,Low,Yes,C087b,,Yes,,The camera remains at the same location ,file:///data/user/0/com.luckydroid.droidbase/files/files/-1355676049/2026-01-10 12.16.14.jpg,file:///data/user/0/com.luckydroid.droidbase/files/files/-1355676049/2026-01-10 12.16.43.jpg,file:///data/user/0/com.luckydroid.droidbase/files/files/-1355676049/2026-01-10 12.20.34.jpg,1/10/2026,12:15:30 PM,"7.016855,-10.2107783",50,https://drive.google.com/uc?id=1UNbzokLtKlucjyQeV9gfhi1tBcg7IZxK,https://drive.google.com/uc?id=1oiqhDOD6SKBv31YwW8399HbJi5sUdFVP,https://drive.google.com/uc?id=1tDZfOH3sfwAclJ5_om144hXb0pCKOMK0,QGU7NW5jV0ZXWjVGWFFdSjM4Tz4
Site B52,S27,STS/MML/HLW/ASN,Charles Gortor ,Song meter status check,,Yes,,,Low,Yes,S27b,,Yes,,The song meter remains at the same location in the confines of Chimps track. ,file:///data/user/0/com.luckydroid.droidbase/files/files/-1355676049/2026-01-10 12.39.57.jpg,file:///data/user/0/com.luckydroid.droidbase/files/files/-1355676049/2026-01-10 12.40.16.jpg,file:///data/user/0/com.luckydroid.droidbase/files/files/-1355676049/2026-01-10 12.41.37.jpg,1/10/2026,12:37:30 PM,"7.01873,-10.2101283",51,https://drive.google.com/uc?id=1fkSPi2P_xZMvJTihKoyElEFsxgvRXHaG,https://drive.google.com/uc?id=1ZA4EwiBtLNMiP3V-Lt2Gj3T9Noxaldw4,https://drive.google.com/uc?id=1KxjcbL3h5dwSCdp08rsKdmKUM_vuWgaL,IXp3KldSbXcmMVZvVXBBUlJUMTc
Site B52_3,C048,STS/MML/HLW/ASN,Charles Gortor ,Camera status check,,,Yes,Yes,Low,Yes,C048b,,Yes,,The camera remains at the same location on a possible Chimps track.,file:///data/user/0/com.luckydroid.droidbase/files/files/-1355676049/2026-01-10 13.07.43.jpg,file:///data/user/0/com.luckydroid.droidbase/files/files/-1355676049/2026-01-10 13.08.17.jpg,file:///data/user/0/com.luckydroid.droidbase/files/files/-1355676049/2026-01-10 13.08.36.jpg,1/10/2026,1:05:30 PM,"7.0195767,-10.2082767",52,https://drive.google.com/uc?id=13kArSz-7EgdIIf6-cyaGJ2UFkGU5IGf9,https://drive.google.com/uc?id=1TE2h8r-Kv8rm7QyihAtywJeR-fml8ZpV,https://drive.google.com/uc?id=1L0_D9I24ba_nEQOP8E6QX7cjWdQTFbKj,W1BvKlorel1IVWRoOkZLNlk6dHA
Site B45_1,C053,STS/MML/HLW/ASN,Samuel Fahn ,Camera status check,,,Yes,Yes,Low,Yes,C053b,,Yes,,The camera remains at the same location ,file:///data/user/0/com.luckydroid.droidbase/files/files/-1355676049/2026-01-12 11.00.20.jpg,file:///data/user/0/com.luckydroid.droidbase/files/files/-1355676049/2026-01-12 11.00.41.jpg,file:///data/user/0/com.luckydroid.droidbase/files/files/-1355676049/2026-01-12 11.03.25.jpg,1/12/2026,10:56:30 AM,"7.0332664,-10.1975865",53,https://drive.google.com/uc?id=1e7b5P9P_U1A91GPds7u2oyv88I6ofXCq,https://drive.google.com/uc?id=1gSc6nlNnDgFrzTpvG5AsMS1TOqzE8C5s,https://drive.google.com/uc?id=11xFZLytl8_ZKaWdQwINgTeiS6cUPGGQO,Jl1NVGlwRll5QmpSWFkrIyUxZnM
Site B53_1,C060,STS/MML/HLW/ASN,Samuel Fahn ,Camera status check,,,Yes,Yes,Low,Yes,C060b,,Yes,,The camera remains at the same location on a slope ,file:///data/user/0/com.luckydroid.droidbase/files/files/-1355676049/2026-01-12 12.34.40.jpg,file:///data/user/0/com.luckydroid.droidbase/files/files/-1355676049/2026-01-12 12.34.56.jpg,file:///data/user/0/com.luckydroid.droidbase/files/files/-1355676049/2026-01-12 12.39.37.jpg,1/12/2026,12:31:30 PM,"7.0250717,-10.1970483",54,https://drive.google.com/uc?id=1lTsLqx5UEDO19rn3R2vHfhS_j40WhBQQ,https://drive.google.com/uc?id=1SaUBl2JYy2BiVU-bNx0wHOCeoxlxhIq6,https://drive.google.com/uc?id=1z43gskjxKkos6rwrrhLC3VmgR0aTyQc6,PnpIS2FMUnpvaDwjLV0lWlN6STY
Site B53_2,C059,STS/MML/HLW/ASN,Samuel Fahn ,Camera status check,,,Yes,Yes,Low,Yes,C059b,,Yes,,The camera remains at the same location and well functioning.,file:///data/user/0/com.luckydroid.droidbase/files/files/-1355676049/2026-01-12 13.29.22.jpg,file:///data/user/0/com.luckydroid.droidbase/files/files/-1355676049/2026-01-12 13.29.55.jpg,file:///data/user/0/com.luckydroid.droidbase/files/files/-1355676049/2026-01-12 13.32.04.jpg,1/12/2026,1:28:30 PM,"7.0181518,-10.1980582",55,https://drive.google.com/uc?id=1O9FDGe3jbTXNd1-RkojjZuaJZV2OVphb,https://drive.google.com/uc?id=1HmJiY3HnBrfwG-_irVGUpdFjLWU-4WPs,https://drive.google.com/uc?id=1xWGD9RpRhucL0cNAykPYvdSD7z9xaK_Z,JlB3M3VFMUBwSiliaiZOVUIqWCY
Site B47,C054,STS/MML/HLW/ASN,Eric Flomo ,Camera status check,,,Yes,Yes,Low,Yes,C054b,,Yes,,The camera remains at the same location ,file:///data/user/0/com.luckydroid.droidbase/files/files/-1355676049/2026-01-13 10.42.26.jpg,file:///data/user/0/com.luckydroid.droidbase/files/files/-1355676049/2026-01-13 10.42.51.jpg,file:///data/user/0/com.luckydroid.droidbase/files/files/-1355676049/2026-01-13 10.47.03.jpg,1/13/2026,10:38:30 AM,"7.02893,-10.23799",56,https://drive.google.com/uc?id=1FOpwd6D2nBKE6shuDf6dQgNxEWiE0FuM,https://drive.google.com/uc?id=1RplkblW-gb0Xv0tAwdlGZmiD9flWkGMA,https://drive.google.com/uc?id=1Dvz9HoM4tEdqY4WLtBL7br5W91oXYw-F,QDh5aXdvZ2gyZ2IqaGZbQVRxU2U
Site B50_3,C061,STS/MML/HLW/ASN,Eric Flomo ,Camera status check,,,Yes,Yes,Low,Yes,C061b,,Yes,,The camera remains at the same location and well functioning ,file:///data/user/0/com.luckydroid.droidbase/files/files/-1355676049/2026-01-13 11.30.45.jpg,file:///data/user/0/com.luckydroid.droidbase/files/files/-1355676049/2026-01-13 11.31.09.jpg,file:///data/user/0/com.luckydroid.droidbase/files/files/-1355676049/2026-01-13 11.36.08.jpg,1/13/2026,11:29:30 AM,"7.02458,-10.23635",57,https://drive.google.com/uc?id=1aApgDtf83DN1GbdbemO4HUxVY5tG1JC_,https://drive.google.com/uc?id=1zQbH2vbNQMrZbhco7RzvnqoUl9nBGsmO,https://drive.google.com/uc?id=1CZIAlzYhllMyxUIQbkXbVGHRp54CGwtP,T05PZ3dbZ1p2K21QcGxlazlYRVo
Site B50_4,C084,STS/MML/HLW/ASN,Eric Flomo ,Camera status check,,,Yes,Yes,Low,Yes,C084b,,Yes,,The camera remains at the same location on a slope ,file:///data/user/0/com.luckydroid.droidbase/files/files/-1355676049/2026-01-13 12.20.22.jpg,file:///data/user/0/com.luckydroid.droidbase/files/files/-1355676049/2026-01-13 12.20.52.jpg,file:///data/user/0/com.luckydroid.droidbase/files/files/-1355676049/2026-01-13 12.23.42.jpg,1/13/2026,12:18:30 PM,"7.01945,-10.2354067",58,https://drive.google.com/uc?id=1lTZvOF5XvEDKJVqbEPxiHTZ4LlFjffA-,https://drive.google.com/uc?id=1MRxz3fxVask_mqxogy9ZbwNjZ_E4D-4T,https://drive.google.com/uc?id=1XAYhFAZycUmntHPQofdijx9NgdqZ7yY7,UTpYYSNlVT4yRmtvcW9NUilNWCk
Site B49_4,C085,STS/MML/HLW/ASN,Eric Flomo ,Camera status check,,,Yes,Yes,Low,Yes,C085b,,Yes,,The camera remains at the same location ,file:///data/user/0/com.luckydroid.droidbase/files/files/-1355676049/2026-01-13 14.23.51.jpg,file:///data/user/0/com.luckydroid.droidbase/files/files/-1355676049/2026-01-13 14.24.17.jpg,file:///data/user/0/com.luckydroid.droidbase/files/files/-1355676049/2026-01-13 14.27.41.jpg,1/13/2026,2:22:30 PM,"7.0195433,-10.2484567",59,https://drive.google.com/uc?id=1pMkc1TpMfP8eDxR_QA4KNYxcrVbXMckk,https://drive.google.com/uc?id=1PalQ0wvK6sN3eQoT4SolHA9Jt_LbjvBZ,https://drive.google.com/uc?id=18doIIH1mpyehaDAAmC3yXljUebgNRohJ,U254MDB1WlJCb2JseU5pYjs7Wio
Site B46,C050,STS/MML/HLW/ASN,Eric Flomo ,Camera status check,,,Yes,Yes,Low,Yes,C050b,,Yes,,The camera remains at the same location and well functioning ,file:///data/user/0/com.luckydroid.droidbase/files/files/-1355676049/2026-01-13 15.39.49.jpg,file:///data/user/0/com.luckydroid.droidbase/files/files/-1355676049/2026-01-13 15.40.22.jpg,file:///data/user/0/com.luckydroid.droidbase/files/files/-1355676049/2026-01-13 15.43.11.jpg,1/13/2026,3:38:30 PM,"7.0311367,-10.2490433",60,https://drive.google.com/uc?id=1cvVxqbIeEP-RukwZZ3bwUGQfMlosDMyI,https://drive.google.com/uc?id=16wvIosQSNLqJafJFrquaK-2fqJJTyiJz,https://drive.google.com/uc?id=1ELmJADdLjubPJG9IDKS8FNqjs0Fau_Pu,UUIpSFEoRCpxclhObldVaDtMemY
Site B09,C047,STS/MML/HLW/ASN,Sumo Gardia ,Camera status check,,,Yes,Yes,Low,Yes,C047b,,Yes,,The camera Remains at the same Location ,file:///data/user/0/com.luckydroid.droidbase/files/files/-1355676049/2026-01-14 11.35.39.jpg,file:///data/user/0/com.luckydroid.droidbase/files/files/-1355676049/2026-01-14 11.36.45.jpg,file:///data/user/0/com.luckydroid.droidbase/files/files/-1355676049/2026-01-14 11.37.14.jpg,1/14/2026,11:30:30 AM,"7.1262117,-10.27943",61,https://drive.google.com/uc?id=1ExY4-VUehLT4lHXQ16RtlIr7hoBlIibm,https://drive.google.com/uc?id=1IRKJNuBxGUXd6J-BzoUlvBgACd3Snw58,https://drive.google.com/uc?id=1JCq9q7drX2qVkc3zL2yVv3_1niWDBma0,Um5mWlN6QndFOylPTCZGZCg8Z1I
Site B09,S38,STS/MML/HLW/ASN,Sumo Gaidia ,Song meter status check,,Yes,,,Low,Yes,S38b,,Yes,,The song meter remains at the same location above camera C047,file:///data/user/0/com.luckydroid.droidbase/files/files/-1355676049/2026-01-14 11.39.51.jpg,file:///data/user/0/com.luckydroid.droidbase/files/files/-1355676049/2026-01-14 11.40.15.jpg,file:///data/user/0/com.luckydroid.droidbase/files/files/-1355676049/2026-01-14 11.42.50.jpg,1/14/2026,11:38:30 AM,"7.1264317,-10.2793283",62,https://drive.google.com/uc?id=1MInIVcBf3EBUduMHQUXmj-_htDvJWeL1,https://drive.google.com/uc?id=1LEFCLCh6vn2_bMF_oiRJzA_ntonfbiXF,https://drive.google.com/uc?id=1jHL2W5xIAtHw7deJ91vewUEZr2CHxR5-,UzRSQCMjbm8razZSZVduMk1ReDM
Site B08_2,C079,STS/MML/HLW/ASN,Sumo Gardia ,Camera status check,,,Yes,Yes,Low,Yes,C079b,,Yes,,The camera remains at the same location ,file:///data/user/0/com.luckydroid.droidbase/files/files/-1355676049/2026-01-14 12.18.20.jpg,file:///data/user/0/com.luckydroid.droidbase/files/files/-1355676049/2026-01-14 12.18.50.jpg,file:///data/user/0/com.luckydroid.droidbase/files/files/-1355676049/2026-01-14 12.20.52.jpg,1/14/2026,12:17:30 PM,"7.1265868,-10.2856301",63,https://drive.google.com/uc?id=1bhmxomtRkgp6lpUnm4BvuFEl5qQVT-Pi,https://drive.google.com/uc?id=19Q6Hol6VtuwoAYKk6DQziNaJWKhh_WZN,https://drive.google.com/uc?id=1lzoenqegogx7hQTrLruI1aw-1LwWY2tI,WW9wNisqZTg8bER3TS1OZXFxQSo
Site B08_1,C056,STS/MML/HLW/ASN,Sumo Gardia ,Camera status check,,,Yes,Yes,Low,Yes,C056b,,Yes,,The camera remains at the same location ,file:///data/user/0/com.luckydroid.droidbase/files/files/-1355676049/2026-01-14 12.41.07.jpg,file:///data/user/0/com.luckydroid.droidbase/files/files/-1355676049/2026-01-14 12.42.06.jpg,file:///data/user/0/com.luckydroid.droidbase/files/files/-1355676049/2026-01-14 12.45.51.jpg,1/14/2026,12:39:30 PM,"7.126075,-10.28912",64,https://drive.google.com/uc?id=1LHcxTDN3QM6XnexULqk2yb9pQNxzwMiU,https://drive.google.com/uc?id=1ARQpnmIYobEw6-eB4D1BSOfUwHjeYMqM,https://drive.google.com/uc?id=1mtFtnOJmq-4lenniCv6sMbH59XgkzZNq,THoqWWdTIWhXMT4oISYqLTs8Rjo
Site B14,C082,STS/MML/HLW/ASN,Sumo Gardia ,Camera status check,,,Yes,Yes,Low,Yes,C082b,,Yes,,The camera remains at the same location (on a slope)and well functioning ,file:///data/user/0/com.luckydroid.droidbase/files/files/-1355676049/2026-01-14 13.28.18.jpg,file:///data/user/0/com.luckydroid.droidbase/files/files/-1355676049/2026-01-14 13.28.44.jpg,file:///data/user/0/com.luckydroid.droidbase/files/files/-1355676049/2026-01-14 13.41.48.jpg,1/14/2026,1:26:30 PM,"7.11694,-10.28777",65,https://drive.google.com/uc?id=1LInOSWBQkP1IUpAraQ82zOMwHGFN5yJz,https://drive.google.com/uc?id=1nC6290TqM2KzAYPltCJVwfzJYZsdcHx-,https://drive.google.com/uc?id=1hK3wGWVzLTZfr7a2ogZu-MoJfoHXutQB,KjVsb0kyUmNIMVZLXSVybkxXdWk
Site B16,C083,STS/MML/HLW/ASN,Samuel Sumo,Camera status check,,,Yes,Yes,Low,Yes,C083b,,Yes,,The camera remains at the same location ,file:///data/user/0/com.luckydroid.droidbase/files/files/-1355676049/2026-01-15 10.27.54.jpg,file:///data/user/0/com.luckydroid.droidbase/files/files/-1355676049/2026-01-15 10.28.41.jpg,file:///data/user/0/com.luckydroid.droidbase/files/files/-1355676049/2026-01-15 10.31.58.jpg,1/15/2026,10:26:30 AM,"7.1138583,-10.2663632",66,https://drive.google.com/uc?id=1tuJuhcfm0zSI_m-9K21mhRZrmcT4UjOr,https://drive.google.com/uc?id=1TqIEV_wt5qxQZ1AzjysIl5eB5Or2j5LT,https://drive.google.com/uc?id=1v7f8_RuJ5RGLLJ4rTyXXbrteJsaOvqRJ,SCo-O3M1KWJSUGU7JSpGWHJOW1A
Site B16,S28,STS/MML/HLW/ASN,Samuel Sumo ,Song meter status check,,Yes,,,Low,Yes,S28b,,Yes,,The song meter remains at the same location ,file:///data/user/0/com.luckydroid.droidbase/files/files/-1355676049/2026-01-15 10.54.06.jpg,file:///data/user/0/com.luckydroid.droidbase/files/files/-1355676049/2026-01-15 10.54.33.jpg,file:///data/user/0/com.luckydroid.droidbase/files/files/-1355676049/2026-01-15 10.54.49.jpg,1/15/2026,10:52:30 AM,"7.1160982,-10.2659532",67,https://drive.google.com/uc?id=1JGCTcrOiXSJTG9NbZzAGLhWefyJqeHyt,https://drive.google.com/uc?id=1TVksnX3WuhEZhkmr67pEKeL4bTrWxUTz,https://drive.google.com/uc?id=1P_AgKAkUaFpFThFCf2AG2eNMBoi8DmyY,PilBQlhZa1g7eSVXQUxYSVs7U2o
Site B10,C134,STS/MML/HLW/ASN,Samuel Sumo ,Camera status check,,,Yes,Yes,Low,Yes,C134b,,Yes,,the camera remains at the same location ,file:///data/user/0/com.luckydroid.droidbase/files/files/-1355676049/2026-01-15 11.32.30.jpg,file:///data/user/0/com.luckydroid.droidbase/files/files/-1355676049/2026-01-15 11.32.47.jpg,file:///data/user/0/com.luckydroid.droidbase/files/files/-1355676049/2026-01-15 11.35.22.jpg,1/15/2026,11:31:30 AM,"7.1255417,-10.2635083",68,https://drive.google.com/uc?id=1bDAoKlmF7DfoAaYBllNEd_Be-rfcqNMy,https://drive.google.com/uc?id=1I_RaDNJEiIqkeR60uBdJx0wiG6vjjeKR,https://drive.google.com/uc?id=13Y2b_XH9TStOYqXiTRKfAR7yXwOIoIKc,UGUzM2xnMkF6TWE3QlNOKlZJVDY
Site B11,C066,STS/MML/HLW/ASN,Richard Kolubah ,Camera status check,,,Yes,Yes,Low,Yes,C066b,C066b,Yes,,The camera remains at the same location.,file:///data/user/0/com.luckydroid.droidbase/files/files/-1355676049/2026-01-16 11.22.07.jpg,file:///data/user/0/com.luckydroid.droidbase/files/files/-1355676049/2026-01-16 11.22.18.jpg,file:///data/user/0/com.luckydroid.droidbase/files/files/-1355676049/2026-01-16 11.34.18.jpg,1/16/2026,11:17:30 AM,"7.1247333,-10.2461317",69,https://drive.google.com/uc?id=1-lHVrYe6xFAzPIeQ9-b8AjHwAvCI3BiV,https://drive.google.com/uc?id=1z0e5QNpQg860eoMvfF4hNu2-C9m-c44Z,https://drive.google.com/uc?id=17E-PjhvoXycZQJ8IReoHwBxZU2il_1Pf,WkhmW0Yrbkg7SHUqMkI-RjJBTyE
Site B17,S33,STS/MML/HLW/ASN,Richard Kolubah ,Song meter status check,,Yes,,,Low,Yes,S33b,,Yes,,The song meter remains at the same location ,file:///data/user/0/com.luckydroid.droidbase/files/files/-1355676049/2026-01-16 12.12.20.jpg,file:///data/user/0/com.luckydroid.droidbase/files/files/-1355676049/2026-01-16 12.12.40.jpg,file:///data/user/0/com.luckydroid.droidbase/files/files/-1355676049/2026-01-16 12.13.41.jpg,1/16/2026,12:11:30 PM,"7.1197933,-10.2467817",70,https://drive.google.com/uc?id=1wDIRsDa1EctvkrdSMfaBD9Ka-oWd8Yp7,https://drive.google.com/uc?id=1lwNp5kfSc7wE4AH07V2U_v6B4piU2uVE,https://drive.google.com/uc?id=1wdunMFXh3GZlBmkR7nw9C44Ce0kjcJPY,Km8mayorZ2pXand5R21UZHI3ZkI
Site B17,C077,STS/MML/HLW/ASN,Richard Kolubah P,Camera retrieval,,,No,Yes,Low,,,C077b,,,"After changing the battery and SD cards, the camera refused to display and all the buttons stopped functioning.",file:///data/user/0/com.luckydroid.droidbase/files/files/-1355676049/2026-01-16 12.36.49.jpg,file:///data/user/0/com.luckydroid.droidbase/files/files/-1355676049/2026-01-16 12.37.17.jpg,file:///data/user/0/com.luckydroid.droidbase/files/files/-1355676049/2026-01-16 12.37.46.jpg,1/16/2026,12:14:30 PM,"7.1198683,-10.2469233",71,https://drive.google.com/uc?id=1e9Ut2xNgW1VJBceBAsPDeKH39IqkcEez,https://drive.google.com/uc?id=10LqUf0_l6TmvbMnh54B08Tt5XI5F6aKu,https://drive.google.com/uc?id=1ykhUzyIa82ygryd3t2AExz6Oz3JGKz_n,QEJxOVRCcjplT2JJeSg-aFE7KUI
Site B25,C076,STS/MML/HLW/ASN,Sumo Gardia ,Camera status check,,,Yes,Yes,Low,Yes,C076b,,Yes,,The camera remains at the same location and well functioning.,file:///data/user/0/com.luckydroid.droidbase/files/files/-1355676049/2026-01-17 11.19.09.jpg,file:///data/user/0/com.luckydroid.droidbase/files/files/-1355676049/2026-01-17 11.19.38.jpg,file:///data/user/0/com.luckydroid.droidbase/files/files/-1355676049/2026-01-17 11.23.09.jpg,1/17/2026,11:17:30 AM,"7.0954,-10.2116517",72,https://drive.google.com/uc?id=1I6ov-OP3h6cH9rg6_lxWaGeUpeBT1pR7,https://drive.google.com/uc?id=1yXv2NmFmRawEOig6HH4XCYnrjUX_u-4H,https://drive.google.com/uc?id=1nYCspqHZkIFKUvF_aMbBklGT4otVFn8B,RyVCJjZDclYtJiVqWDNXIUw1QGg
Site B51,S24,STS/MML/HLW/ASN,Samuel Fahn ,Song meter status check,,Yes,,,Low,Yes,S24b,,Yes,,The song meter remains at the same location above camera C073,file:///data/user/0/com.luckydroid.droidbase/files/files/-1355676049/2026-01-18 10.37.17.jpg,file:///data/user/0/com.luckydroid.droidbase/files/files/-1355676049/2026-01-18 10.37.34.jpg,file:///data/user/0/com.luckydroid.droidbase/files/files/-1355676049/2026-01-18 10.37.55.jpg,1/18/2026,10:34:30 AM,"7.0175068,-10.2159225",73,https://drive.google.com/uc?id=14u5q1NZl9P2cEL9prRqRPaBCUaRUNmew,https://drive.google.com/uc?id=1ijoW_5G1D6rSYybzCwiaUIpsFvXZyyV4,https://drive.google.com/uc?id=1ps96O85rxtynI-EzRwvZ0_Kccw2FiWYb,Q11qelhSVkJPXURHREFtMSV4OGM
Site B51_3,C073,STS/MML/HLW/ASN,Samuel Fahn ,Camera status check,,,Yes,Yes,Low,Yes,C073b,,Yes,,The camera remains at the same location beneath song meter S24 on the same tree ,file:///data/user/0/com.luckydroid.droidbase/files/files/-1355676049/2026-01-18 10.41.26.jpg,file:///data/user/0/com.luckydroid.droidbase/files/files/-1355676049/2026-01-18 10.41.40.jpg,file:///data/user/0/com.luckydroid.droidbase/files/files/-1355676049/2026-01-18 10.44.18.jpg,1/18/2026,10:38:30 AM,"7.0176367,-10.216105",74,https://drive.google.com/uc?id=1MPGybhubqjldhKjLQ-LYpM-6zTTM9AGz,https://drive.google.com/uc?id=18xwUFngJZd-jYj9k6RQH53YzUpUCrOnB,https://drive.google.com/uc?id=17viIl0bWyw7YV6DDjNqdrKRRL0SHb3Ww,SSg3VkwlOEApYmNxQV0mUTIoTSg
Site B52_4,C075,STS/MML/HLW/ASN,Samuel Fahn ,Camera status check,,,Yes,Yes,Low,Yes,C075b,,Yes,,The camera remains at the same location on a slope and well functioning ,file:///data/user/0/com.luckydroid.droidbase/files/files/-1355676049/2026-01-18 11.11.22.jpg,file:///data/user/0/com.luckydroid.droidbase/files/files/-1355676049/2026-01-18 11.11.45.jpg,file:///data/user/0/com.luckydroid.droidbase/files/files/-1355676049/2026-01-18 11.14.40.jpg,1/18/2026,11:10:30 AM,"7.0198083,-10.212645",75,https://drive.google.com/uc?id=1Jzy5jdguTIRpjA4A23RdB92AtL0-1ZeX,https://drive.google.com/uc?id=1F68iyX4T0TXbVaQqKh7HXuThNRpDO9w6,https://drive.google.com/uc?id=1PtXHeI-mUss2Mlx0vsD9O3t9-83TIFXC,KlZrbUdIKXNOT3E-KlVULTI7aEA
Site B52_5,C074,STS/MML/HLW/ASN,Samuel Fahn ,Camera status check,,,Yes,Yes,Low,Yes,C074b,,Yes,,The camera remains at the same location on a slope ,file:///data/user/0/com.luckydroid.droidbase/files/files/-1355676049/2026-01-18 11.41.36.jpg,file:///data/user/0/com.luckydroid.droidbase/files/files/-1355676049/2026-01-18 11.41.52.jpg,file:///data/user/0/com.luckydroid.droidbase/files/files/-1355676049/2026-01-18 11.44.10.jpg,1/18/2026,11:40:30 AM,"7.02239,-10.2087533",76,https://drive.google.com/uc?id=16bH_Cg5oyg2i5v4EkCxhl-pcxTrLuOmm,https://drive.google.com/uc?id=1kBQc8m20HKWNI8c_-rP8FUeJ1WbkT3aX,https://drive.google.com/uc?id=1QPAmCnB54j5sqR7Rcy6KchJ4qQsX1A1e,UWdCYWFnbVhFd2xuQGRoQmVicig
Site B45,S23,STS/MML/HLW/ASN,"Samuel Fahn l

",Song meter status check,,Yes,,,Low,Yes,S23b,,Yes,,The song meter remains at the same location near Camera C051,file:///data/user/0/com.luckydroid.droidbase/files/files/-1355676049/2026-01-18 12.54.00.jpg,file:///data/user/0/com.luckydroid.droidbase/files/files/-1355676049/2026-01-18 12.56.14.jpg,file:///data/user/0/com.luckydroid.droidbase/files/files/-1355676049/2026-01-18 12.56.25.jpg,1/18/2026,12:52:30 PM,"7.0315084,-10.19991",77,https://drive.google.com/uc?id=1z9w6wbSyCJDcfe1kuAVJaCM6L0HCq8Mc,https://drive.google.com/uc?id=19S5eYAfUl7wo292wmtpJDEW8gdCp0CIz,https://drive.google.com/uc?id=1vO985jkVcLv_yp12cCxq4xzPCZfmwfk8,KkMtXSE-Qk1CTT5PJkJ3VDR6cnM
Site B45_2,C051,STS/MML/HLW/ASN,Samuel Fahn ,Camera status check,,,Yes,Yes,Low,Yes,C051b,,Yes,,The camera Remains at the same location and well functioning.,file:///data/user/0/com.luckydroid.droidbase/files/files/-1355676049/2026-01-18 12.59.34.jpg,file:///data/user/0/com.luckydroid.droidbase/files/files/-1355676049/2026-01-18 13.00.03.jpg,file:///data/user/0/com.luckydroid.droidbase/files/files/-1355676049/2026-01-18 13.02.54.jpg,1/18/2026,12:58:30 PM,"7.0318467,-10.1998067",78,https://drive.google.com/uc?id=1X7EXyQm287PX0YRdLVjWmgPpZDYEzIvz,https://drive.google.com/uc?id=1hHyKI7_MzAHDTZk7vQQbHOPqIKB512NS,https://drive.google.com/uc?id=1CMvBa3HFNEdadIqDBkf3XoIvPnNWs5Uh,QFh0aDwrMzBdWWRJPmkqMSZbaVg
Site B44_3,C078,STS/MML/HLW/ASN,Samuel Fahn ,Camera status check,,,Yes,Yes,Low,Yes,C078b,,Yes,,The camera remains at the same location on a slope.,file:///data/user/0/com.luckydroid.droidbase/files/files/-1355676049/2026-01-18 13.54.35.jpg,file:///data/user/0/com.luckydroid.droidbase/files/files/-1355676049/2026-01-18 13.54.57.jpg,file:///data/user/0/com.luckydroid.droidbase/files/files/-1355676049/2026-01-18 13.57.22.jpg,1/18/2026,1:49:30 PM,"7.0293217,-10.20728",79,https://drive.google.com/uc?id=141BHBxZ96DLVO2Z5CmgYZSeMNMExtiwL,https://drive.google.com/uc?id=1jnWdElfsB-899d1seBUQP1c_HKFEXZGQ,https://drive.google.com/uc?id=1ZOvNSUbw2GEqusz4xCr8WuJWxC7jqhwm,QyVUUjEyOjxrT3ZPKFdhV1R2NHM
Site B44_1,C068,STS/MML/HLW/ASN,Samuel Fahn ,Camera retrieval,,,No,No,Fine,,,C068b,,,The camera refused to display ,file:///data/user/0/com.luckydroid.droidbase/files/files/-1355676049/2026-01-18 14.59.46.jpg,file:///data/user/0/com.luckydroid.droidbase/files/files/-1355676049/2026-01-18 15.00.15.jpg,file:///data/user/0/com.luckydroid.droidbase/files/files/-1355676049/2026-01-18 15.00.28.jpg,1/18/2026,2:57:30 PM,"7.0289633,-10.2139217",80,https://drive.google.com/uc?id=123eg1g1Ogo3bVxs2hqUm7-FaOMe8xmWo,https://drive.google.com/uc?id=1ZNOQ5ftRkN5RNdUhd3mH91l_zWFLWiNA,https://drive.google.com/uc?id=1x3m_SjnhTwhOJnV3OQ7axm301_AZjiY_,XSFhM20wTGE3JnRNJSliYyo8aEo
B24,S26,STS/MML/HLW/ASN,Kermu Dolo,Song meter set-up,Yes,Yes,,,,,S26a,,,"Primary forest, Low primary dry with understory, High primary with understory ",The song meter was set up about 116m away from the main point in a primary forest with understory.,file:///data/user/0/com.luckydroid.droidbase/files/files/-1355676049/2026-01-24 12.51.55.jpg,file:///data/user/0/com.luckydroid.droidbase/files/files/-1355676049/2026-01-24 12.52.54.jpg,file:///data/user/0/com.luckydroid.droidbase/files/files/-1355676049/2026-01-24 12.53.23.jpg,1/24/2026,12:47:30 PM,"7.0992699,-10.2219101",81,https://drive.google.com/uc?id=1DmUggRVlyCojASFG_JlWZP9Y4ICixX1M,https://drive.google.com/uc?id=1g7trkj4v4WW8ZGEtEwUQ6OfdK_oE5L3I,https://drive.google.com/uc?id=1-xfS-Jg83K-dCkPWv-qRbbDYgmmS4m3h,RWRZbUErNipUSio5KEJwNHB5S0k
B30,S44,STS/MML/HLW/ASN,Kermu Dolo,Song meter set-up,Yes,Yes,,,,,S44a,,,"Secondary forest, Hillside, Late secondary",The song meter was set up about 822m away from the main point in a secondary forest along a hilltop ,file:///data/user/0/com.luckydroid.droidbase/files/files/-1355676049/2026-01-24 15.11.37.jpg,file:///data/user/0/com.luckydroid.droidbase/files/files/-1355676049/2026-01-24 15.14.32.jpg,file:///data/user/0/com.luckydroid.droidbase/files/files/-1355676049/2026-01-24 15.13.15.jpg,1/24/2026,3:08:30 PM,"7.0915333,-10.21405",82,https://drive.google.com/uc?id=1OrsI9FUQOJrYm-dJkLPUqqPKlia4Lzsf,https://drive.google.com/uc?id=1Zlh5708bGuEiVeMKqZroYzSMAO821pNz,https://drive.google.com/uc?id=15erFQyu3uddOwt-Wq2RfYauclrJd4Wqi,TStxOGFdRzFzVXBHPFMlPGxXNHc
B11 & B12,S41,STS/MML/HLW/ASN,Justin Flomo ,Song meter set-up,Yes,Yes,,,,,S41a,,,"Primary forest, Hillside, High primary no understory","The song meter was setup between site B11 and B12 about 690m and 855m away from the points respectively, along a hillside ",file:///data/user/0/com.luckydroid.droidbase/files/files/-1355676049/2026-01-26 11.32.57.jpg,file:///data/user/0/com.luckydroid.droidbase/files/files/-1355676049/2026-01-26 11.33.23.jpg,file:///data/user/0/com.luckydroid.droidbase/files/files/-1355676049/2026-01-26 11.35.07.jpg,1/26/2026,11:25:30 AM,"7.1290117,-10.2431033",83,https://drive.google.com/uc?id=1GNwUAPULb6x7mLBwLUNShBHX0wP4lCWm,https://drive.google.com/uc?id=12aoz9g6kVMSzgjI7L5jSvmpXz9EZKZ7G,https://drive.google.com/uc?id=1EX46PNaIIpZzid_IKMZXycJPW_k7TvMF,TUE4Ql0zVl06NysrMzFbV0BBTVA
A13,S43,STS/MML/HLW/ASN,John Fokpah,Song meter set-up,Yes,Yes,,,,,S43a,,,"Primary forest, Hillside, Low primary dry with no understory ",The song meter (S43) was setup in grid A13 about 174m away from the main point in a primary forest along two drainages.,file:///data/user/0/com.luckydroid.droidbase/files/files/-1355676049/2026-01-27 12.48.33.jpg,file:///data/user/0/com.luckydroid.droidbase/files/files/-1355676049/2026-01-27 12.50.38.jpg,file:///data/user/0/com.luckydroid.droidbase/files/files/-1355676049/2026-01-27 12.51.14.jpg,1/27/2026,12:45:30 PM,"7.071845,-10.2882",84,https://drive.google.com/uc?id=15ysY7vzrZIcFZdgDHmf7fPV_yQUrDFuO,https://drive.google.com/uc?id=1SF94M37qidJXD_IV4GU6_7S9RE56kfk3,https://drive.google.com/uc?id=1as_kwWZCMp8BITDnqQmVJSOdvoZQF2n6,WmE4K24pKVNMaDlxKVAlMSU5WUU
A18,S49,STS/MML/HLW/ASN,John Fokpah ,Song meter set-up,Yes,Yes,,,,,S49a,,,"Primary forest, Low primary dry with understory",The song meter (S49) was set up in a primary forest about 205m away from the main point in grid A18,file:///data/user/0/com.luckydroid.droidbase/files/files/-1355676049/2026-01-27 14.02.25.jpg,file:///data/user/0/com.luckydroid.droidbase/files/files/-1355676049/2026-01-27 14.02.57.jpg,file:///data/user/0/com.luckydroid.droidbase/files/files/-1355676049/2026-01-27 14.04.24.jpg,1/27/2026,1:59:30 PM,"7.0613367,-10.2892617",85,https://drive.google.com/uc?id=1ScpFfRIG8StPCDkEOWji0sH1sVer6XsQ,https://drive.google.com/uc?id=1GhqFT_4KLxZrSc1RXKZIVloFByCrmWW3,https://drive.google.com/uc?id=1sFQq7pFGCGZUJVt4KxUXzF7fFs11QpNy,UjlaelA1Z1g-MFJUdG5hXTkqJTc
B14,S21,STS/MML/HLW/ASN,Sumo Gardia ,Song meter set-up,Yes,Yes,,,,,S21a,,,"Primary forest, Hillside","The song meter (S21) was setup in a primary forest,on a hill top about 490m away from the main point, beside a fallen log.",file:///data/user/0/com.luckydroid.droidbase/files/files/-1355676049/2026-01-31 12.35.18.jpg,file:///data/user/0/com.luckydroid.droidbase/files/files/-1355676049/2026-01-31 12.35.44.jpg,file:///data/user/0/com.luckydroid.droidbase/files/files/-1355676049/2026-01-31 12.36.05.jpg,1/31/2026,12:31:30 PM,"7.1175117,-10.2904283",86,https://drive.google.com/uc?id=1GxHsnlz2wuVkfl-vUbMWn0wm72LL0Iyu,https://drive.google.com/uc?id=1Uo5ED0pXtVR1RdHGdgD2CN5TZQ24Dlbg,https://drive.google.com/uc?id=1BKny8NZawpl9lXHoCbzhXsrjLSNNCyaC,KTI4anY-MnlqVSlTUW43eDRKNyY
B08,S17,STS/MML/HLW/ASN,Sumo Gardia ,Song meter set-up,Yes,Yes,,,,,S17a,,,Primary forest,"The song meter ((S17) was setup in a primary forest about 387m away from the main point, under a upaca tree.",file:///data/user/0/com.luckydroid.droidbase/files/files/-1355676049/2026-01-31 13.39.54.jpg,file:///data/user/0/com.luckydroid.droidbase/files/files/-1355676049/2026-01-31 13.40.34.jpg,file:///data/user/0/com.luckydroid.droidbase/files/files/-1355676049/2026-01-31 13.41.02.jpg,1/31/2026,1:32:30 PM,"7.1240433,-10.2890483",87,https://drive.google.com/uc?id=1lzzhgC4N2RwWD7q2nC5-gfRj0kpUqTUi,https://drive.google.com/uc?id=1IF285XFqSrSoh73zD9JJakb3vfAwdEsc,https://drive.google.com/uc?id=18xO3_eyOIXKyvF-FEhNNXCCZSlgqLEpW,TlE1UmYmdEw8JnZXVXhUSG5ad0U
PYG HIP,C127,STS/MML/HLW/ASN/DD/AE,Sumo Flomo ,Camera set-up,Yes,Yes,Yes,,,,C127a,,,"Primary forest, Secondary forest, Swamp, River","Mostly primary with secondary forest, seasonally swamp flooded along the Dondolo river ",file:///data/user/0/com.luckydroid.droidbase/files/files/-1355676049/2026-02-05 11.35.44.jpg,file:///data/user/0/com.luckydroid.droidbase/files/files/-1355676049/2026-02-05 11.37.04.jpg,file:///data/user/0/com.luckydroid.droidbase/files/files/-1355676049/2026-02-05 11.37.24.jpg,2/5/2026,11:27:30 AM,"6.9613967,-10.27578",88,https://drive.google.com/uc?id=13uUXBoaUKbT2SrGAgIpW1_mmFx5PpeRg,https://drive.google.com/uc?id=1T2n91R-5Up0C0LTPhCXb0i1oCXKuW4l-,https://drive.google.com/uc?id=1-Dr9QoPtim8PBagnrG3IUzyNAh-7hsqV,V1VaTisjZlltXUN2U0NBbnRWY08
PYG HIP ,C145,STS/MML/HLW/ASN/DD/AE,Sumo Flomo ,Camera set-up,Yes,,Yes,,,,blank ,,,"Primary forest, Secondary forest, Swamp, River",,file:///data/user/0/com.luckydroid.droidbase/files/files/-1355676049/2026-02-05 11.51.27.jpg,file:///data/user/0/com.luckydroid.droidbase/files/files/-1355676049/2026-02-05 11.51.58.jpg,file:///data/user/0/com.luckydroid.droidbase/files/files/-1355676049/2026-02-05 11.52.11.jpg,2/5/2026,11:49:30 AM,"6.9615017,-10.2760717",89,https://drive.google.com/uc?id=1wdNWWXb5S_gFpGei05cAGOhwb3uW39cE,https://drive.google.com/uc?id=1OoE22trxuwkFfjiXOqLhKWqn7jSVrzvN,https://drive.google.com/uc?id=1dfRbJuKjZL-WhP5mKA2e78Xfuey0ONTc,Wmd6eiFWR21FdmFwPk0-VHBoYnk
PYG HIP ,C126,STS/MML/HLW/ASN/DD/AE,Sumo Flomo ,Camera set-up,Yes,,Yes,,,,C126a,,,"Primary forest, Secondary forest, Swamp, River",,file:///data/user/0/com.luckydroid.droidbase/files/files/-1355676049/2026-02-05 11.55.20.jpg,file:///data/user/0/com.luckydroid.droidbase/files/files/-1355676049/2026-02-05 11.56.03.jpg,file:///data/user/0/com.luckydroid.droidbase/files/files/-1355676049/2026-02-05 11.56.13.jpg,2/5/2026,11:54:30 AM,"6.9617917,-10.2760617",90,https://drive.google.com/uc?id=1sxfmIOEEL_6EsqbswJD0iJsj5ZNw-2hy,https://drive.google.com/uc?id=1ub3xUaSPabIupa6mcbqc6RIcHcIAWW5n,https://drive.google.com/uc?id=1F6UYVKm-c1r1Kd2DQSGXeemah4B8m-Kf,RU5YWWpsJU5XMTYxYTIjQzV2bw
PYG HIP ,C10,STS/MML/HLW/ASN/DD/AE,Sumo Flomo ,Camera set-up,Yes,,Yes,,,,C10a,,,"Primary forest, Riparian forest, River","Possible entry point, raparian along the Dondolo river ",file:///data/user/0/com.luckydroid.droidbase/files/files/-1355676049/2026-02-05 12.11.40.jpg,file:///data/user/0/com.luckydroid.droidbase/files/files/-1355676049/2026-02-05 12.12.11.jpg,file:///data/user/0/com.luckydroid.droidbase/files/files/-1355676049/2026-02-05 12.12.29.jpg,2/5/2026,12:09:30 PM,"6.9613433,-10.27762",91,https://drive.google.com/uc?id=1GMpqMmwxFQ6rm7WF6AhEAGWATQrU7LP_,https://drive.google.com/uc?id=1dZdMn8wB9KG10ZzamPASt8QIjRrb6ADe,https://drive.google.com/uc?id=1BmDVd_k_PrmY8JETq0oYSeGtAJ4XaPy0,VWFyKy1waUZzQSowdG5BdnZJWC0
PYG HIP ,C11,STS/MML/HLW/ASN/DD/AE,Sumo Flomo ,Camera set-up,Yes,,Yes,,,,C11a,,,"Primary forest, Riparian forest, River","possible entry point, raparian and along the Dondolo river ",file:///data/user/0/com.luckydroid.droidbase/files/files/-1355676049/2026-02-05 12.24.19.jpg,file:///data/user/0/com.luckydroid.droidbase/files/files/-1355676049/2026-02-05 12.24.50.jpg,file:///data/user/0/com.luckydroid.droidbase/files/files/-1355676049/2026-02-05 12.25.17.jpg,2/5/2026,12:22:30 PM,"6.9613517,-10.2781617",92,https://drive.google.com/uc?id=1wTUCpUfCzRZqyc97mSqNYsutRicOljMs,https://drive.google.com/uc?id=16-sssfJsTJRZHtdAsj2HE473zE47fDP_,https://drive.google.com/uc?id=10NIe0AI0akn57JnVTPjd8NHe8YHlRaNb,WTRxTnpoZld4KiF3RCZlcmImdVE
PYG HIP ,C145,STS/MML/HLW/ASN/DD/AE,Daniel S. Bondo,Camera set-up,Yes,,Yes,,,,C145a,,,"River, High primary wet",The camera was set on an island on the Dondolo river ,file:///data/user/0/com.luckydroid.droidbase/files/files/-1355676049/2026-02-15 13.43.47.jpg,file:///data/user/0/com.luckydroid.droidbase/files/files/-1355676049/2026-02-15 13.44.08.jpg,file:///data/user/0/com.luckydroid.droidbase/files/files/-1355676049/2026-02-15 13.44.23.jpg,2/15/2026,1:42:30 PM,"6.9609883,-10.2777017",93,https://drive.google.com/uc?id=18FKG80VwmgwfFV_6EBHAFFwfJ4t_jCwF,https://drive.google.com/uc?id=1GzIfKVCCDH3KF7CIbXF7Uwd0OY4vgoPg,https://drive.google.com/uc?id=1ybDLCJimAqRlQLplTafF2oOjvz22GWFp,XURzT2VdODV6SVVxNFZhWnU5Mlg
PYG HIP,C126,STS/MML/HLW/ASN/DD/AE,Daniel S. Bondo,Camera set-up,Yes,,Yes,,,,C126a,,,"River, High primary wet",The camera was setup on an island on the Dondolo river ,file:///data/user/0/com.luckydroid.droidbase/files/files/-1355676049/2026-02-15 13.51.17.jpg,file:///data/user/0/com.luckydroid.droidbase/files/files/-1355676049/2026-02-15 13.51.40.jpg,file:///data/user/0/com.luckydroid.droidbase/files/files/-1355676049/2026-02-15 13.51.56.jpg,2/15/2026,1:49:30 PM,"6.9615283,-10.2743267",94,https://drive.google.com/uc?id=1_Sxvk-FDEVJRNU1aIYtf7xlntYjCLc1n,https://drive.google.com/uc?id=1qx_qDTePxDypTmrGvstJJc7ZLnTcjFOE,https://drive.google.com/uc?id=1bb8vy1YDmjkOaVfHfiLEq3JdYrYDojMW,S08rWFFhay0jU0NoSFQtUXdBVTc
PYG HIP,C10,STS/MML/HLW/ASN/DD/AE,Daniel S. Bondo ,Camera set-up,Yes,,Yes,,,,C10a,,,"River, High primary wet",The camera was setup on an island on the Dondolo river ,file:///data/user/0/com.luckydroid.droidbase/files/files/-1355676049/2026-02-15 13.55.53.jpg,file:///data/user/0/com.luckydroid.droidbase/files/files/-1355676049/2026-02-15 13.56.27.jpg,file:///data/user/0/com.luckydroid.droidbase/files/files/-1355676049/2026-02-15 13.56.40.jpg,2/15/2026,1:54:30 PM,"6.9606217,-10.277965",95,https://drive.google.com/uc?id=1nE-Stl1nTU_Sd07R395AJGeJGYZKvIF2,https://drive.google.com/uc?id=1YoygMFKjIrqLN7caV-1F3eK1xIukcW2A,https://drive.google.com/uc?id=1eXbZOVo97BEe8VAk9osQw6tluP_Ly0V_,TXhuczwqMHUrNiE-JkY4bjdQRmY
PYG HIP ,C092,STS/MML/HLW/EJJ/AKF,Daniel S. Bondo,Camera set-up,Yes,,Yes,,,,C092a,,,"Riparian forest, Swamp, River, Low primary wet",The camera was set up on an island along the Dondolo river on a Hippo track.,file:///data/user/0/com.luckydroid.droidbase/files/files/-1355676049/2026-02-16 12.26.39.jpg,file:///data/user/0/com.luckydroid.droidbase/files/files/-1355676049/2026-02-16 12.27.05.jpg,file:///data/user/0/com.luckydroid.droidbase/files/files/-1355676049/2026-02-16 12.27.33.jpg,2/16/2026,12:19:30 PM,"6.96084,-10.27577",96,https://drive.google.com/uc?id=1UB0ibyHzo5KM_CvSJSXBIZEKLPJiUCbB,https://drive.google.com/uc?id=1qirI9-yMKKh6YElPmoCtVrahcFBIvTg2,https://drive.google.com/uc?id=18eHUxI6qd9MH00jq_D0pqtwR7paezj4F,SVZPJU4jIUA4PilSY0pjKlk0LTc
PYG HIP ,C097,STS/MML/HLW/EJJ/AKF,Daniel S. Bondo ,Camera set-up,Yes,,Yes,,,,C097a,,,"Riparian forest, Swamp, River, Low primary wet",The camera was set up on an island along the Dondolo river on a Hippo track.,file:///data/user/0/com.luckydroid.droidbase/files/files/-1355676049/2026-02-16 12.39.04.jpg,file:///data/user/0/com.luckydroid.droidbase/files/files/-1355676049/2026-02-16 12.41.40.jpg,file:///data/user/0/com.luckydroid.droidbase/files/files/-1355676049/2026-02-16 12.42.37.jpg,2/16/2026,12:36:30 PM,"6.9613383,-10.2763183",97,https://drive.google.com/uc?id=1dpl84U9PAbiLXGtEahRp2bnLSaY-yZYv,https://drive.google.com/uc?id=1csCXssZCsx2gTkCRLEEjM3QDQ54zmAPK,https://drive.google.com/uc?id=1sljnlRZdrsNIrAjxJ0Ok41cY0gYfbZn6,RiU5MTNyKHFDV3J3K2V2MF1DaTE
PYG HIP ,C105,STS/MML/HLW/EJJ/AKF,Daniel S. Bondo ,Camera set-up,Yes,,Yes,,,,C105,,,"Riparian forest, Swamp, River, Low primary wet",The camera was set up on an island along the Dondolo river on a hippo track.,file:///data/user/0/com.luckydroid.droidbase/files/files/-1355676049/2026-02-16 12.53.01.jpg,file:///data/user/0/com.luckydroid.droidbase/files/files/-1355676049/2026-02-16 12.53.27.jpg,file:///data/user/0/com.luckydroid.droidbase/files/files/-1355676049/2026-02-16 12.53.46.jpg,2/16/2026,12:51:30 PM,"6.9607533,-10.2759767",98,https://drive.google.com/uc?id=1RZRPixmq8fxkJ6p-nwIVRgzgpbESabVI,https://drive.google.com/uc?id=1CIMEdXjPZcMjYZGn6yPN5AKbxUd3z7cE,https://drive.google.com/uc?id=1ngpuR8qDnH5mSIpVwfdxKtADWPGUvSGZ,R1pSOyZzRHQ0K1B4aG1Va3dXUEI
PYG HIP ,C028,STS/MML/HLW/EJJ/AKF,Daniel S. Bondo,Camera set-up,Yes,,Yes,,,,C068a,,,"Riparian forest, Swamp, River, Low primary wet",The camera was set up on an island along the Dondolo river on a Hippo track.,file:///data/user/0/com.luckydroid.droidbase/files/files/-1355676049/2026-02-16 14.12.29.jpg,file:///data/user/0/com.luckydroid.droidbase/files/files/-1355676049/2026-02-16 14.13.12.jpg,file:///data/user/0/com.luckydroid.droidbase/files/files/-1355676049/2026-02-16 14.13.36.jpg,2/16/2026,2:08:30 PM,"6.9608067,-10.27876",99,https://drive.google.com/uc?id=1HwMbxRq60csOFaPQRse-qFyxJnmNZ0mF,https://drive.google.com/uc?id=1HIpCPWlc0PzzpLRmroBsE20Q7s0l_GRS,https://drive.google.com/uc?id=1XCuJS_0VnXLOKr3rW-b1CBTGptu2_vaq,TFhzbkUlNHhoRiUoNVdSMTpOQFM
PYG HIP ,C104,STS/MML/HLW/EJJ/AKF,Daniel S. Bondo,Camera set-up,Yes,,Yes,,,,C104a,,,"Riparian forest, Swamp, River, Low primary wet",The camera was set up on an island along the Dondolo river on a possible Hippo track.,file:///data/user/0/com.luckydroid.droidbase/files/files/-1355676049/2026-02-16 14.27.42.jpg,file:///data/user/0/com.luckydroid.droidbase/files/files/-1355676049/2026-02-16 14.28.15.jpg,file:///data/user/0/com.luckydroid.droidbase/files/files/-1355676049/2026-02-16 14.28.43.jpg,2/16/2026,2:24:30 PM,"6.9606894,-10.278962",100,https://drive.google.com/uc?id=1VzWaMCpM2oGQqNTSDcPX6R--miiQuuR-,https://drive.google.com/uc?id=1fpE5iAR7N72YUqsmpw4ozWQKzZgT3w7c,https://drive.google.com/uc?id=1ZNtZXJg9f3V-_AO1tSaJR_Ut7Hnxda51,KlVJZDhdZmU3NTNyQTFkWlZnOCo
PYG HIP ,C135,STS/MML/HLW/EJJ/AKF,Daniel S. Bondo,Camera set-up,Yes,,Yes,,,,C079a,,,"Riparian forest, River, Low primary wet",The camera was set up on an island along the Dondolo river on a possible Hippo track.,file:///data/user/0/com.luckydroid.droidbase/files/files/-1355676049/2026-02-16 14.50.31.jpg,file:///data/user/0/com.luckydroid.droidbase/files/files/-1355676049/2026-02-16 14.51.10.jpg,file:///data/user/0/com.luckydroid.droidbase/files/files/-1355676049/2026-02-16 14.51.33.jpg,2/16/2026,2:39:30 PM,"6.96159,-10.2790517",101,https://drive.google.com/uc?id=1p0wgBK1xJyP2dAFuo1dD-r6drRcj03lf,https://drive.google.com/uc?id=1-yxKtiY-yXwsakNhiGC53WS_QXS-F_PG,https://drive.google.com/uc?id=16VklrOBI465qUeJhJTqUULM0xQoPeJqL,WSg7YnVBTDFOKWNZaWhbRkpZNUw
PYG HIP ,C103,STS/MML/HLW/EJJ/AKF,Daniel S. Bondo ,Camera set-up,Yes,,Yes,,,,C103a,,,"Riparian forest, Swamp, River, Low primary wet",The camera was set up on an island along the Dondolo river on a possible Hippo track.,file:///data/user/0/com.luckydroid.droidbase/files/files/-1355676049/2026-02-16 15.04.00.jpg,file:///data/user/0/com.luckydroid.droidbase/files/files/-1355676049/2026-02-16 15.05.10.jpg,file:///data/user/0/com.luckydroid.droidbase/files/files/-1355676049/2026-02-16 15.06.03.jpg,2/16/2026,3:01:30 PM,"6.9598983,-10.2792933",102,https://drive.google.com/uc?id=12jhn_-N58NvRwse8UAQ1AGBbRl8Q0cuz,https://drive.google.com/uc?id=1dF2gH2Q4ukGE2TEbwnx9ySrCW9qVNi-w,https://drive.google.com/uc?id=1qhQIQkRnyRke0jDSSB7Lu_-ofjEi6Orw,UVFJbkZAOEdyRiFpV10qZXlAaEg
PYG HIP ,C117,STS/MML/HLW/EJJ/AKF,Daniel S. Bondo ,Camera set-up,Yes,,Yes,,,,C117a,,,"Riparian forest, Swamp, River, Low primary wet",The camera was set up on a Hippo track along the Dondolo river.,file:///data/user/0/com.luckydroid.droidbase/files/files/-1355676049/2026-02-16 16.00.42.jpg,file:///data/user/0/com.luckydroid.droidbase/files/files/-1355676049/2026-02-16 16.01.35.jpg,file:///data/user/0/com.luckydroid.droidbase/files/files/-1355676049/2026-02-16 16.02.02.jpg,2/16/2026,3:59:30 PM,"6.9616033,-10.2760867",103,https://drive.google.com/uc?id=1ukqStYsQjeinjOlzuRnyJHJl5jHScXLD,https://drive.google.com/uc?id=1YzP0MUf69gsSkwQvBa0EVh1nDZN3EYN7,https://drive.google.com/uc?id=1qDCFZr2d-4XY5EZ1aad-3KVqvhEtUkM-,UEBvc1UlYUFxNkdhd2N2VHIhblQ
PYG HIP ,C42,STS/MML/HLW/EJJ/AKF,Daniel S. Bondo ,Camera set-up,Yes,,Yes,,,,C42a,,,"Riparian forest, Swamp, River, Low primary wet",,file:///data/user/0/com.luckydroid.droidbase/files/files/-1355676049/2026-02-16 16.13.38.jpg,file:///data/user/0/com.luckydroid.droidbase/files/files/-1355676049/2026-02-16 16.14.02.jpg,file:///data/user/0/com.luckydroid.droidbase/files/files/-1355676049/2026-02-16 16.14.32.jpg,2/16/2026,4:12:30 PM,"6.9614483,-10.2760233",104,https://drive.google.com/uc?id=16azNlIosgYO1TvXR5T1-ZgX91I_DhyiC,https://drive.google.com/uc?id=17RIxlsD2pMSVDVhZ0PM52A7yDbb8Q_Cr,https://drive.google.com/uc?id=1nt8hAR_T4kfufgjk9czHXbba3Hl_MGaJ,SjBkeklwWztLcT5pdFJiNCoqeUY